pin,scan_date,verify_mode,io_mode,work_code
112091,"2023-06-30 06:44:15",0,0,0
100347,"2023-06-30 06:51:15",0,0,0
11630,"2023-06-30 07:30:22",0,2,0
11630,"2023-06-30 07:30:24",0,2,0
12536,"2023-06-30 07:54:01",0,0,0
11672,"2023-06-30 09:42:54",0,0,0
9131,"2023-06-30 10:36:51",0,0,0
12426,"2023-06-30 11:40:10",0,0,0
71105,"2023-06-30 12:47:40",0,0,0
11672,"2023-06-30 12:51:56",0,0,0
11672,"2023-06-30 12:52:03",0,0,0
10571,"2023-06-30 13:09:59",0,0,0
12536,"2023-06-30 13:10:35",0,0,0
71805,"2023-06-30 13:30:46",0,0,0
100307,"2023-06-30 13:32:13",0,0,0
116203,"2023-06-30 13:40:26",0,0,0
2731,"2023-06-30 13:49:29",0,0,0
16695,"2023-06-30 14:00:38",0,0,0
12379,"2023-06-30 14:43:32",0,0,0
112091,"2023-06-30 15:09:48",0,0,0
100347,"2023-06-30 15:14:36",0,2,0
11672,"2023-06-30 17:19:20",0,0,0
112090,"2023-06-30 19:44:43",0,0,0
12379,"2023-06-30 20:11:16",0,2,0
71105,"2023-06-30 20:34:15",0,2,0
10571,"2023-06-30 21:19:45",0,0,0
2731,"2023-06-30 21:38:44",0,0,0
71805,"2023-06-30 21:54:13",0,1,0
100307,"2023-06-30 22:00:57",0,2,0
116203,"2023-06-30 22:06:18",0,1,0
16704,"2023-07-01 06:38:36",0,0,0
12804,"2023-07-01 06:42:02",0,0,0
12804,"2023-07-01 06:42:04",0,0,0
71105,"2023-07-01 06:45:10",0,0,0
112073,"2023-07-01 06:47:15",0,0,0
100347,"2023-07-01 06:48:55",0,0,0
11953,"2023-07-01 06:58:04",0,0,0
12936,"2023-07-01 07:08:45",0,0,0
112090,"2023-07-01 08:10:02",0,0,0
9136,"2023-07-01 08:33:15",0,0,0
12674,"2023-07-01 10:18:13",0,0,0
10571,"2023-07-01 13:19:36",0,0,0
116203,"2023-07-01 13:42:10",0,0,0
12804,"2023-07-01 13:47:27",0,1,0
12804,"2023-07-01 13:47:29",0,1,0
100307,"2023-07-01 13:50:53",0,0,0
71822,"2023-07-01 13:51:03",0,0,0
71805,"2023-07-01 13:54:48",0,0,0
71105,"2023-07-01 14:10:09",0,2,0
11953,"2023-07-01 14:16:45",0,0,0
12936,"2023-07-01 14:39:42",0,0,0
112073,"2023-07-01 14:47:40",0,2,0
12379,"2023-07-01 14:54:09",0,0,0
100347,"2023-07-01 15:20:20",0,2,0
12379,"2023-07-01 19:35:17",0,2,0
112091,"2023-07-01 20:20:24",0,0,0
10571,"2023-07-01 21:09:13",0,0,0
71805,"2023-07-01 21:34:35",0,1,0
100307,"2023-07-01 21:37:09",0,2,0
116203,"2023-07-01 21:48:22",0,2,0
71822,"2023-07-01 21:56:34",0,0,0
71822,"2023-07-01 21:56:36",0,0,0
112073,"2023-07-02 06:45:23",0,0,0
71105,"2023-07-02 06:46:11",0,0,0
2731,"2023-07-02 06:47:28",0,0,0
100347,"2023-07-02 06:49:20",0,0,0
116203,"2023-07-02 06:57:17",0,0,0
12804,"2023-07-02 07:26:26",0,0,0
12804,"2023-07-02 07:55:55",0,1,0
112091,"2023-07-02 08:03:42",0,0,0
112091,"2023-07-02 08:03:49",0,0,0
12379,"2023-07-02 08:05:14",0,0,0
12426,"2023-07-02 09:44:02",0,0,0
10571,"2023-07-02 13:14:31",0,0,0
100307,"2023-07-02 13:38:48",0,0,0
12936,"2023-07-02 14:00:46",0,0,0
11047,"2023-07-02 14:05:01",0,0,0
71105,"2023-07-02 14:33:54",0,2,0
116203,"2023-07-02 14:39:27",0,1,0
2731,"2023-07-02 14:47:07",0,0,0
12379,"2023-07-02 14:56:39",0,2,0
112073,"2023-07-02 15:00:19",0,0,0
112073,"2023-07-02 15:00:22",0,0,0
100347,"2023-07-02 15:12:50",0,2,0
112090,"2023-07-02 19:48:09",0,0,0
71822,"2023-07-02 20:47:27",0,0,0
11672,"2023-07-02 20:48:52",0,0,0
10571,"2023-07-02 21:20:23",0,0,0
11672,"2023-07-02 21:34:52",0,0,0
12936,"2023-07-02 21:41:14",0,0,0
100307,"2023-07-02 21:42:41",0,2,0
686,"2023-07-03 06:22:00",0,0,0
11181,"2023-07-03 06:36:38",0,0,0
12804,"2023-07-03 06:44:03",0,0,0
2731,"2023-07-03 06:46:37",0,0,0
71105,"2023-07-03 06:47:12",0,0,0
100347,"2023-07-03 06:49:34",0,0,0
71805,"2023-07-03 06:50:20",0,0,0
12385,"2023-07-03 07:03:53",0,0,0
12837,"2023-07-03 07:09:16",0,0,0
8936,"2023-07-03 07:13:46",0,0,0
8936,"2023-07-03 07:13:48",0,0,0
12536,"2023-07-03 07:13:56",0,0,0
110166,"2023-07-03 07:18:50",0,0,0
12362,"2023-07-03 07:19:29",0,0,0
12859,"2023-07-03 07:23:12",0,0,0
12859,"2023-07-03 07:23:15",0,0,0
11745,"2023-07-03 07:25:59",0,0,0
11745,"2023-07-03 07:26:01",0,0,0
8944,"2023-07-03 07:27:21",0,0,0
8944,"2023-07-03 07:27:24",0,0,0
11098,"2023-07-03 07:28:04",0,0,0
11098,"2023-07-03 07:28:06",0,0,0
11098,"2023-07-03 07:28:09",0,0,0
9147,"2023-07-03 07:29:07",0,0,0
71500,"2023-07-03 07:29:58",0,0,0
6634,"2023-07-03 07:31:18",0,0,0
11048,"2023-07-03 07:33:57",0,0,0
9549,"2023-07-03 07:38:46",0,0,0
112090,"2023-07-03 07:48:31",0,0,0
71822,"2023-07-03 08:06:59",0,0,0
12379,"2023-07-03 08:08:00",0,0,0
12379,"2023-07-03 08:08:02",0,0,0
6628,"2023-07-03 08:16:45",0,0,0
10563,"2023-07-03 08:21:07",0,0,0
10563,"2023-07-03 08:21:10",0,0,0
12426,"2023-07-03 08:25:39",0,0,0
19295,"2023-07-03 08:43:08",0,0,0
9370,"2023-07-03 08:46:38",0,0,0
12672,"2023-07-03 08:53:13",0,0,0
18761,"2023-07-03 08:57:35",0,0,0
12249,"2023-07-03 09:01:36",0,0,0
12674,"2023-07-03 09:05:42",0,0,0
9132,"2023-07-03 09:25:18",0,0,0
11672,"2023-07-03 09:26:02",0,0,0
12536,"2023-07-03 09:27:45",0,0,0
9131,"2023-07-03 12:55:38",0,0,0
12249,"2023-07-03 13:09:15",0,0,0
112091,"2023-07-03 13:16:05",0,0,0
10571,"2023-07-03 13:18:22",0,0,0
18761,"2023-07-03 13:38:26",0,1,0
12936,"2023-07-03 13:58:00",0,0,0
12804,"2023-07-03 14:35:07",0,1,0
12672,"2023-07-03 14:44:20",0,0,0
2731,"2023-07-03 14:49:16",0,0,0
71105,"2023-07-03 15:08:40",0,2,0
686,"2023-07-03 15:11:18",0,0,0
19295,"2023-07-03 15:24:11",0,1,0
100347,"2023-07-03 15:41:37",0,2,0
71805,"2023-07-03 15:53:50",0,1,0
11615,"2023-07-03 15:55:46",0,0,0
12362,"2023-07-03 16:00:35",0,0,0
11745,"2023-07-03 16:00:46",0,1,0
11745,"2023-07-03 16:00:49",0,1,0
11181,"2023-07-03 16:03:40",0,0,0
8936,"2023-07-03 16:05:09",0,1,0
8936,"2023-07-03 16:05:11",0,1,0
11098,"2023-07-03 16:05:18",0,1,0
11098,"2023-07-03 16:05:20",0,1,0
11098,"2023-07-03 16:05:22",0,1,0
9147,"2023-07-03 16:08:12",0,0,0
8944,"2023-07-03 16:17:14",0,1,0
8944,"2023-07-03 16:17:17",0,1,0
110166,"2023-07-03 16:18:42",0,0,0
12837,"2023-07-03 16:19:48",0,0,0
9549,"2023-07-03 16:33:36",0,0,0
9549,"2023-07-03 16:33:38",0,0,0
11672,"2023-07-03 18:35:26",0,0,0
6628,"2023-07-03 18:38:03",0,0,0
10002,"2023-07-03 18:55:58",0,1,0
1166,"2023-07-03 18:56:26",0,0,0
71822,"2023-07-03 20:36:58",0,0,0
12936,"2023-07-03 21:27:01",0,0,0
10571,"2023-07-03 22:06:32",0,0,0
112090,"2023-07-04 06:02:48",0,0,0
686,"2023-07-04 06:31:27",0,0,0
686,"2023-07-04 06:31:30",0,0,0
71105,"2023-07-04 06:33:45",0,0,0
11181,"2023-07-04 06:39:19",0,0,0
12804,"2023-07-04 06:44:28",0,0,0
12804,"2023-07-04 06:44:30",0,0,0
2731,"2023-07-04 06:47:27",0,0,0
9124,"2023-07-04 06:56:26",0,0,0
9124,"2023-07-04 06:56:29",0,0,0
9136,"2023-07-04 07:14:18",0,0,0
12837,"2023-07-04 07:15:38",0,0,0
8936,"2023-07-04 07:15:50",0,0,0
8936,"2023-07-04 07:15:52",0,0,0
9128,"2023-07-04 07:18:21",0,0,0
12362,"2023-07-04 07:20:23",0,0,0
11745,"2023-07-04 07:21:34",0,0,0
11745,"2023-07-04 07:21:36",0,0,0
110166,"2023-07-04 07:21:56",0,0,0
8944,"2023-07-04 07:26:37",0,0,0
8944,"2023-07-04 07:26:39",0,0,0
11098,"2023-07-04 07:26:58",0,0,0
11098,"2023-07-04 07:27:00",0,0,0
11098,"2023-07-04 07:27:03",0,0,0
9549,"2023-07-04 07:28:37",0,0,0
9549,"2023-07-04 07:28:39",0,0,0
12379,"2023-07-04 08:02:54",0,0,0
71822,"2023-07-04 08:45:16",0,0,0
10563,"2023-07-04 08:50:42",0,0,0
10563,"2023-07-04 08:50:44",0,0,0
10563,"2023-07-04 08:50:46",0,0,0
12604,"2023-07-04 08:50:56",0,0,0
19295,"2023-07-04 08:51:58",0,0,0
18761,"2023-07-04 09:00:54",0,0,0
12249,"2023-07-04 09:03:45",0,0,0
11615,"2023-07-04 09:17:43",0,0,0
12426,"2023-07-04 09:28:27",0,0,0
12672,"2023-07-04 09:35:02",0,0,0
11672,"2023-07-04 09:56:29",0,0,0
9131,"2023-07-04 11:41:05",0,0,0
9132,"2023-07-04 11:50:35",0,0,0
9132,"2023-07-04 11:50:37",0,0,0
11672,"2023-07-04 12:57:48",0,0,0
71805,"2023-07-04 13:00:58",0,0,0
12249,"2023-07-04 13:06:22",0,0,0
18761,"2023-07-04 13:17:02",0,1,0
100347,"2023-07-04 13:18:56",0,0,0
19295,"2023-07-04 13:35:14",0,1,0
100330,"2023-07-04 13:41:45",0,0,0
112073,"2023-07-04 13:46:10",0,0,0
112073,"2023-07-04 13:46:13",0,0,0
11047,"2023-07-04 13:58:47",0,0,0
11047,"2023-07-04 13:58:49",0,0,0
12379,"2023-07-04 14:16:35",0,2,0
12804,"2023-07-04 14:35:05",0,1,0
12672,"2023-07-04 14:41:23",0,0,0
71105,"2023-07-04 14:41:32",0,2,0
2731,"2023-07-04 14:44:20",0,0,0
12299,"2023-07-04 15:26:14",0,0,0
112090,"2023-07-04 15:39:22",0,0,0
9124,"2023-07-04 15:46:57",0,0,0
9124,"2023-07-04 15:47:41",0,0,0
12362,"2023-07-04 16:00:07",0,0,0
11181,"2023-07-04 16:00:27",0,0,0
110166,"2023-07-04 16:03:15",0,0,0
11745,"2023-07-04 16:03:51",0,1,0
11745,"2023-07-04 16:03:53",0,1,0
12837,"2023-07-04 16:07:24",0,0,0
11098,"2023-07-04 16:08:27",0,1,0
11098,"2023-07-04 16:08:29",0,1,0
11098,"2023-07-04 16:08:31",0,1,0
8936,"2023-07-04 16:11:30",0,1,0
8936,"2023-07-04 16:11:32",0,1,0
11615,"2023-07-04 16:14:45",0,0,0
8944,"2023-07-04 16:19:00",0,1,0
8944,"2023-07-04 16:19:02",0,1,0
11961,"2023-07-04 16:19:07",0,1,0
9549,"2023-07-04 16:28:41",0,0,0
12276,"2023-07-04 17:01:50",0,0,0
1982,"2023-07-04 17:39:01",0,0,0
10002,"2023-07-04 18:16:19",0,1,0
11672,"2023-07-04 18:22:26",0,0,0
12936,"2023-07-04 20:27:19",0,0,0
12804,"2023-07-04 20:41:37",0,0,0
12804,"2023-07-04 21:36:28",0,1,0
12804,"2023-07-04 21:36:31",0,1,0
112073,"2023-07-04 21:47:19",0,2,0
112073,"2023-07-04 21:47:21",0,2,0
71805,"2023-07-04 22:01:52",0,1,0
100347,"2023-07-04 22:17:08",0,2,0
12804,"2023-07-05 06:30:59",0,0,0
686,"2023-07-05 06:32:31",0,0,0
686,"2023-07-05 06:32:34",0,0,0
112091,"2023-07-05 06:44:16",0,0,0
9124,"2023-07-05 06:46:35",0,0,0
11181,"2023-07-05 06:46:47",0,0,0
71105,"2023-07-05 06:47:43",0,0,0
9136,"2023-07-05 07:03:10",0,0,0
11672,"2023-07-05 07:04:09",0,0,0
8936,"2023-07-05 07:10:41",0,0,0
8936,"2023-07-05 07:10:43",0,0,0
110166,"2023-07-05 07:14:23",0,0,0
12362,"2023-07-05 07:18:39",0,0,0
71064,"2023-07-05 07:22:29",0,0,0
11745,"2023-07-05 07:22:45",0,0,0
11745,"2023-07-05 07:22:47",0,0,0
12837,"2023-07-05 07:28:03",0,0,0
8944,"2023-07-05 07:28:30",0,0,0
8944,"2023-07-05 07:28:32",0,0,0
11098,"2023-07-05 07:30:01",0,0,0
11098,"2023-07-05 07:30:03",0,0,0
11098,"2023-07-05 07:30:05",0,0,0
9549,"2023-07-05 07:34:37",0,0,0
9549,"2023-07-05 07:34:40",0,0,0
9370,"2023-07-05 08:11:56",0,0,0
12426,"2023-07-05 08:33:08",0,0,0
12936,"2023-07-05 08:35:08",0,0,0
19295,"2023-07-05 08:51:15",0,0,0
12672,"2023-07-05 08:56:48",0,0,0
10563,"2023-07-05 09:02:52",0,0,0
10563,"2023-07-05 09:02:58",0,0,0
11615,"2023-07-05 09:17:36",0,0,0
18761,"2023-07-05 09:20:01",0,0,0
12249,"2023-07-05 09:25:46",0,0,0
9132,"2023-07-05 09:38:02",0,0,0
11378,"2023-07-05 09:56:56",0,0,0
12969,"2023-07-05 10:28:01",0,0,0
18761,"2023-07-05 12:21:03",0,1,0
12249,"2023-07-05 12:45:34",0,0,0
10571,"2023-07-05 13:22:54",0,0,0
10571,"2023-07-05 13:22:56",0,0,0
19295,"2023-07-05 13:37:27",0,1,0
12804,"2023-07-05 14:36:57",0,0,0
12672,"2023-07-05 14:40:23",0,0,0
8940,"2023-07-05 15:20:26",0,1,0
8940,"2023-07-05 15:20:32",0,1,0
112091,"2023-07-05 15:20:57",0,0,0
11615,"2023-07-05 15:59:51",0,0,0
11745,"2023-07-05 16:00:54",0,1,0
11745,"2023-07-05 16:00:57",0,1,0
12362,"2023-07-05 16:01:31",0,0,0
6628,"2023-07-05 16:02:31",0,0,0
110166,"2023-07-05 16:03:07",0,0,0
12536,"2023-07-05 16:06:38",0,0,0
11098,"2023-07-05 16:08:35",0,1,0
11098,"2023-07-05 16:08:37",0,1,0
12837,"2023-07-05 16:11:18",0,0,0
9549,"2023-07-05 16:16:06",0,0,0
9549,"2023-07-05 16:16:08",0,0,0
8936,"2023-07-05 16:17:16",0,1,0
8936,"2023-07-05 16:17:19",0,1,0
8944,"2023-07-05 16:19:05",0,1,0
8944,"2023-07-05 16:19:07",0,1,0
9128,"2023-07-05 16:25:30",0,0,0
11181,"2023-07-05 16:28:58",0,0,0
9124,"2023-07-05 16:34:56",0,0,0
9131,"2023-07-05 16:43:49",0,0,0
9124,"2023-07-05 17:36:48",0,0,0
10566,"2023-07-05 17:50:46",0,0,0
12536,"2023-07-05 19:49:42",0,0,0
11672,"2023-07-05 19:54:41",0,0,0
71805,"2023-07-05 20:05:08",0,0,0
11672,"2023-07-05 20:14:30",0,0,0
10002,"2023-07-05 20:16:24",0,1,0
12936,"2023-07-05 20:40:26",0,0,0
112073,"2023-07-05 20:46:14",0,0,0
112073,"2023-07-05 20:46:16",0,0,0
2731,"2023-07-05 20:51:47",0,0,0
11047,"2023-07-05 20:57:25",0,0,0
11047,"2023-07-05 20:57:27",0,0,0
10571,"2023-07-05 21:55:42",0,0,0
112090,"2023-07-06 05:56:03",0,0,0
11181,"2023-07-06 06:35:09",0,0,0
11630,"2023-07-06 06:38:47",0,0,0
11630,"2023-07-06 06:38:50",0,0,0
77518,"2023-07-06 06:39:04",0,0,0
112091,"2023-07-06 06:40:05",0,0,0
12804,"2023-07-06 06:40:46",0,0,0
71822,"2023-07-06 06:46:57",0,0,0
9124,"2023-07-06 06:52:19",0,0,0
100530,"2023-07-06 06:59:31",0,0,0
12397,"2023-07-06 07:09:36",0,0,0
11081,"2023-07-06 07:10:43",0,0,0
8936,"2023-07-06 07:19:18",0,0,0
8936,"2023-07-06 07:19:21",0,0,0
110166,"2023-07-06 07:19:53",0,0,0
11745,"2023-07-06 07:20:13",0,0,0
11745,"2023-07-06 07:20:16",0,0,0
8944,"2023-07-06 07:20:47",0,0,0
8944,"2023-07-06 07:20:49",0,0,0
12362,"2023-07-06 07:24:14",0,0,0
11048,"2023-07-06 07:29:21",0,0,0
11098,"2023-07-06 07:31:18",0,0,0
11098,"2023-07-06 07:31:20",0,0,0
2731,"2023-07-06 07:38:31",0,0,0
9549,"2023-07-06 07:45:44",0,0,0
9549,"2023-07-06 07:45:47",0,0,0
9370,"2023-07-06 07:52:38",0,0,0
12536,"2023-07-06 07:54:50",0,0,0
112073,"2023-07-06 08:01:54",0,2,0
112073,"2023-07-06 08:01:57",0,2,0
12379,"2023-07-06 08:06:30",0,0,0
11615,"2023-07-06 08:16:55",0,0,0
11378,"2023-07-06 08:17:54",0,0,0
12936,"2023-07-06 08:27:03",0,0,0
19295,"2023-07-06 08:48:49",0,0,0
10563,"2023-07-06 08:50:06",0,0,0
10563,"2023-07-06 08:50:09",0,0,0
10563,"2023-07-06 08:50:11",0,0,0
71805,"2023-07-06 08:52:48",0,1,0
12674,"2023-07-06 09:14:39",0,0,0
18761,"2023-07-06 09:16:19",0,0,0
12249,"2023-07-06 09:29:59",0,0,0
12672,"2023-07-06 09:46:37",0,0,0
11672,"2023-07-06 11:23:03",0,0,0
6628,"2023-07-06 11:29:17",0,0,0
71105,"2023-07-06 12:47:58",0,0,0
18761,"2023-07-06 12:49:24",0,1,0
19295,"2023-07-06 12:49:38",0,1,0
12249,"2023-07-06 13:23:44",0,0,0
112099,"2023-07-06 13:29:21",0,0,0
12604,"2023-07-06 13:42:34",0,0,0
12379,"2023-07-06 14:12:49",0,2,0
12672,"2023-07-06 14:26:36",0,0,0
9124,"2023-07-06 14:34:15",0,0,0
12804,"2023-07-06 14:35:23",0,1,0
112091,"2023-07-06 14:51:20",0,0,0
112090,"2023-07-06 15:08:19",0,0,0
71822,"2023-07-06 15:15:57",0,0,0
12536,"2023-07-06 15:22:12",0,0,0
12362,"2023-07-06 16:00:07",0,0,0
11745,"2023-07-06 16:00:45",0,1,0
11745,"2023-07-06 16:00:48",0,1,0
12380,"2023-07-06 16:01:48",0,0,0
11181,"2023-07-06 16:02:50",0,0,0
8936,"2023-07-06 16:05:49",0,1,0
8936,"2023-07-06 16:05:52",0,1,0
11098,"2023-07-06 16:05:56",0,1,0
11098,"2023-07-06 16:05:59",0,1,0
11098,"2023-07-06 16:06:01",0,1,0
8944,"2023-07-06 16:07:16",0,1,0
8944,"2023-07-06 16:07:18",0,1,0
110166,"2023-07-06 16:09:00",0,0,0
9549,"2023-07-06 16:13:31",0,0,0
9549,"2023-07-06 16:13:34",0,0,0
9128,"2023-07-06 16:14:07",0,0,0
9128,"2023-07-06 16:14:09",0,0,0
77518,"2023-07-06 16:23:35",0,0,0
11048,"2023-07-06 16:26:26",0,0,0
11672,"2023-07-06 16:41:29",0,0,0
10002,"2023-07-06 18:03:05",0,1,0
100347,"2023-07-06 20:35:42",0,0,0
71105,"2023-07-06 20:36:14",0,2,0
2731,"2023-07-06 20:45:50",0,0,0
16695,"2023-07-06 20:56:52",0,0,0
11181,"2023-07-07 06:19:00",0,0,0
686,"2023-07-07 06:28:38",0,0,0
686,"2023-07-07 06:28:40",0,0,0
112073,"2023-07-07 06:43:09",0,0,0
112073,"2023-07-07 06:43:11",0,0,0
12804,"2023-07-07 06:43:19",0,0,0
71805,"2023-07-07 06:49:36",0,0,0
71822,"2023-07-07 06:53:41",0,0,0
8936,"2023-07-07 07:13:07",0,0,0
8936,"2023-07-07 07:13:09",0,0,0
9136,"2023-07-07 07:15:30",0,0,0
11098,"2023-07-07 07:19:50",0,0,0
11098,"2023-07-07 07:19:53",0,0,0
11098,"2023-07-07 07:19:55",0,0,0
12362,"2023-07-07 07:20:27",0,0,0
11098,"2023-07-07 07:20:33",0,0,0
8944,"2023-07-07 07:24:19",0,0,0
8944,"2023-07-07 07:24:21",0,0,0
110166,"2023-07-07 07:24:53",0,0,0
11745,"2023-07-07 07:25:35",0,0,0
11745,"2023-07-07 07:25:37",0,0,0
12843,"2023-07-07 07:29:19",0,0,0
9549,"2023-07-07 07:37:26",0,0,0
9549,"2023-07-07 07:37:29",0,0,0
2731,"2023-07-07 07:39:24",0,0,0
100347,"2023-07-07 07:58:39",0,2,0
12426,"2023-07-07 08:21:32",0,0,0
9370,"2023-07-07 08:38:35",0,0,0
12249,"2023-07-07 08:54:01",0,0,0
19295,"2023-07-07 08:54:29",0,0,0
11047,"2023-07-07 08:59:14",0,0,0
11047,"2023-07-07 08:59:16",0,0,0
12672,"2023-07-07 09:04:57",0,0,0
18761,"2023-07-07 09:14:53",0,0,0
10563,"2023-07-07 09:17:50",0,0,0
10563,"2023-07-07 09:17:57",0,0,0
11615,"2023-07-07 10:07:28",0,0,0
11630,"2023-07-07 10:57:03",0,0,0
11630,"2023-07-07 10:57:05",0,0,0
112090,"2023-07-07 12:45:36",0,0,0
71105,"2023-07-07 12:57:39",0,0,0
12249,"2023-07-07 13:41:42",0,0,0
19295,"2023-07-07 13:44:44",0,1,0
12604,"2023-07-07 13:50:32",0,0,0
18761,"2023-07-07 14:03:48",0,0,0
12804,"2023-07-07 14:05:05",0,1,0
12672,"2023-07-07 15:02:37",0,0,0
9136,"2023-07-07 15:07:34",0,1,0
6628,"2023-07-07 15:32:25",0,0,0
71822,"2023-07-07 15:33:47",0,0,0
112073,"2023-07-07 15:43:54",0,2,0
11615,"2023-07-07 15:50:49",0,0,0
71805,"2023-07-07 16:07:23",0,1,0
12536,"2023-07-07 16:09:48",0,0,0
11181,"2023-07-07 16:30:03",0,0,0
8944,"2023-07-07 16:30:29",0,1,0
11745,"2023-07-07 16:30:35",0,1,0
11745,"2023-07-07 16:30:38",0,1,0
12362,"2023-07-07 16:32:02",0,0,0
8936,"2023-07-07 16:36:03",0,1,0
8936,"2023-07-07 16:36:05",0,1,0
11098,"2023-07-07 16:36:13",0,1,0
11098,"2023-07-07 16:36:16",0,1,0
11098,"2023-07-07 16:36:18",0,1,0
9549,"2023-07-07 16:59:23",0,0,0
9549,"2023-07-07 16:59:25",0,0,0
9128,"2023-07-07 17:00:01",0,0,0
10002,"2023-07-07 17:46:47",0,1,0
12537,"2023-07-07 18:18:37",0,0,0
12537,"2023-07-07 18:18:40",0,0,0
10557,"2023-07-07 18:49:54",0,0,0
12537,"2023-07-07 19:07:23",0,0,0
112091,"2023-07-07 20:18:07",0,0,0
12399,"2023-07-07 20:20:03",0,0,0
71105,"2023-07-07 20:31:16",0,2,0
100347,"2023-07-07 20:43:35",0,0,0
9124,"2023-07-07 20:45:32",0,0,0
112090,"2023-07-07 21:41:49",0,0,0
12804,"2023-07-08 06:41:56",0,0,0
12843,"2023-07-08 07:29:17",0,0,0
100347,"2023-07-08 08:20:26",0,2,0
9124,"2023-07-08 08:46:14",0,0,0
112109,"2023-07-08 08:48:39",0,2,0
227,"2023-07-08 09:43:38",0,0,0
227,"2023-07-08 09:43:41",0,0,0
12536,"2023-07-08 09:52:39",0,0,0
12674,"2023-07-08 09:53:04",0,0,0
12536,"2023-07-08 12:13:41",0,0,0
12804,"2023-07-08 12:35:44",0,1,0
112090,"2023-07-08 12:47:17",0,0,0
11630,"2023-07-08 12:54:39",0,0,0
11630,"2023-07-08 12:54:42",0,0,0
71822,"2023-07-08 13:30:53",0,0,0
112073,"2023-07-08 13:44:29",0,0,0
112073,"2023-07-08 13:44:31",0,0,0
12936,"2023-07-08 13:55:08",0,0,0
227,"2023-07-08 14:21:52",0,0,0
71805,"2023-07-08 15:18:16",0,1,0
11630,"2023-07-08 21:31:14",0,0,0
11630,"2023-07-08 21:31:16",0,0,0
71822,"2023-07-08 21:35:10",0,0,0
112090,"2023-07-08 22:02:59",0,0,0
112073,"2023-07-08 22:13:55",0,2,0
16695,"2023-07-09 07:06:28",0,0,0
12426,"2023-07-09 08:41:01",0,0,0
58999,"2023-07-09 13:48:28",0,0,0
58999,"2023-07-09 13:48:31",0,0,0
58999,"2023-07-09 13:48:33",0,0,0
71805,"2023-07-09 13:49:37",0,0,0
2731,"2023-07-09 13:52:15",0,0,0
12804,"2023-07-09 15:49:01",0,0,0
12804,"2023-07-09 16:53:01",0,1,0
112090,"2023-07-09 19:48:13",0,0,0
112091,"2023-07-09 20:23:14",0,0,0
71822,"2023-07-09 20:29:00",0,0,0
112073,"2023-07-09 20:39:04",0,0,0
11949,"2023-07-09 20:39:53",0,0,0
11949,"2023-07-09 20:39:57",0,0,0
103473,"2023-07-09 21:01:25",0,0,0
2731,"2023-07-09 21:41:51",0,0,0
71805,"2023-07-09 21:58:10",0,1,0
686,"2023-07-10 06:22:03",0,0,0
686,"2023-07-10 06:22:05",0,0,0
12804,"2023-07-10 06:36:08",0,0,0
12804,"2023-07-10 06:36:10",0,0,0
9124,"2023-07-10 06:45:31",0,0,0
11181,"2023-07-10 06:56:10",0,0,0
10554,"2023-07-10 06:56:13",0,0,0
8944,"2023-07-10 07:02:54",0,0,0
8944,"2023-07-10 07:02:56",0,0,0
11073,"2023-07-10 07:04:52",0,0,0
11073,"2023-07-10 07:04:55",0,0,0
12536,"2023-07-10 07:06:50",0,0,0
12936,"2023-07-10 07:08:29",0,0,0
8936,"2023-07-10 07:14:15",0,0,0
8936,"2023-07-10 07:14:18",0,0,0
11098,"2023-07-10 07:16:58",0,0,0
11098,"2023-07-10 07:17:00",0,0,0
11098,"2023-07-10 07:17:03",0,0,0
11053,"2023-07-10 07:18:37",0,0,0
11745,"2023-07-10 07:28:16",0,0,0
11745,"2023-07-10 07:28:19",0,0,0
9549,"2023-07-10 07:34:58",0,0,0
9549,"2023-07-10 07:35:01",0,0,0
6628,"2023-07-10 07:53:22",0,0,0
112090,"2023-07-10 07:53:40",0,0,0
9131,"2023-07-10 08:03:40",0,0,0
112091,"2023-07-10 08:05:39",0,0,0
112073,"2023-07-10 08:21:58",0,2,0
112073,"2023-07-10 08:22:01",0,2,0
12426,"2023-07-10 08:25:50",0,0,0
10563,"2023-07-10 08:43:21",0,0,0
10563,"2023-07-10 08:43:28",0,0,0
10563,"2023-07-10 08:43:30",0,0,0
19295,"2023-07-10 08:47:22",0,0,0
12604,"2023-07-10 08:47:30",0,0,0
12249,"2023-07-10 08:54:29",0,0,0
12536,"2023-07-10 08:54:40",0,0,0
18761,"2023-07-10 09:21:45",0,0,0
12672,"2023-07-10 09:23:17",0,0,0
11672,"2023-07-10 09:29:13",0,0,0
9370,"2023-07-10 10:18:47",0,0,0
11615,"2023-07-10 10:34:32",0,0,0
9136,"2023-07-10 11:16:19",0,0,0
6628,"2023-07-10 12:05:43",0,0,0
12249,"2023-07-10 13:01:32",0,0,0
71105,"2023-07-10 13:02:44",0,0,0
10571,"2023-07-10 13:12:34",0,0,0
100347,"2023-07-10 13:28:26",0,0,0
11047,"2023-07-10 14:01:32",0,0,0
18761,"2023-07-10 14:04:42",0,1,0
12804,"2023-07-10 14:35:14",0,1,0
12672,"2023-07-10 14:42:37",0,0,0
19295,"2023-07-10 14:59:56",0,1,0
9124,"2023-07-10 15:10:29",0,0,0
686,"2023-07-10 15:15:34",0,0,0
686,"2023-07-10 15:15:36",0,0,0
12936,"2023-07-10 15:39:08",0,0,0
12362,"2023-07-10 16:00:05",0,0,0
8944,"2023-07-10 16:01:41",0,1,0
8944,"2023-07-10 16:01:53",0,1,0
11098,"2023-07-10 16:07:50",0,1,0
11098,"2023-07-10 16:07:52",0,1,0
11098,"2023-07-10 16:07:55",0,1,0
9549,"2023-07-10 16:16:33",0,0,0
9549,"2023-07-10 16:16:35",0,0,0
8936,"2023-07-10 16:18:37",0,1,0
8936,"2023-07-10 16:18:40",0,1,0
112109,"2023-07-10 16:31:37",0,2,0
11181,"2023-07-10 17:09:26",0,0,0
11672,"2023-07-10 17:16:27",0,0,0
11053,"2023-07-10 17:46:41",0,0,0
10002,"2023-07-10 18:13:12",0,1,0
71822,"2023-07-10 20:33:20",0,0,0
71105,"2023-07-10 21:01:43",0,2,0
10571,"2023-07-10 21:55:57",0,0,0
100347,"2023-07-10 22:16:35",0,2,0
686,"2023-07-11 06:19:02",0,0,0
686,"2023-07-11 06:19:04",0,0,0
112091,"2023-07-11 06:36:24",0,0,0
12804,"2023-07-11 06:42:08",0,0,0
11181,"2023-07-11 06:48:50",0,0,0
16703,"2023-07-11 06:53:31",0,0,0
10554,"2023-07-11 06:54:34",0,0,0
12536,"2023-07-11 07:01:34",0,0,0
8944,"2023-07-11 07:03:45",0,0,0
8944,"2023-07-11 07:03:48",0,0,0
8936,"2023-07-11 07:13:28",0,0,0
8936,"2023-07-11 07:13:30",0,0,0
12362,"2023-07-11 07:18:47",0,0,0
110166,"2023-07-11 07:19:23",0,0,0
11745,"2023-07-11 07:20:07",0,0,0
11745,"2023-07-11 07:20:14",0,0,0
11745,"2023-07-11 07:20:17",0,0,0
11098,"2023-07-11 07:27:36",0,0,0
11098,"2023-07-11 07:27:39",0,0,0
11098,"2023-07-11 07:27:41",0,0,0
16738,"2023-07-11 07:40:11",0,0,0
9549,"2023-07-11 07:42:41",0,0,0
9549,"2023-07-11 07:42:43",0,0,0
9370,"2023-07-11 07:57:40",0,0,0
9136,"2023-07-11 08:07:18",0,0,0
71822,"2023-07-11 08:27:53",0,0,0
12379,"2023-07-11 08:33:44",0,0,0
11615,"2023-07-11 08:41:54",0,0,0
19295,"2023-07-11 08:46:10",0,0,0
12674,"2023-07-11 08:51:44",0,0,0
12249,"2023-07-11 08:57:51",0,0,0
12536,"2023-07-11 08:58:08",0,0,0
10563,"2023-07-11 09:02:32",0,0,0
10563,"2023-07-11 09:02:38",0,0,0
10563,"2023-07-11 09:02:40",0,0,0
18761,"2023-07-11 09:15:27",0,0,0
12672,"2023-07-11 09:49:00",0,0,0
6628,"2023-07-11 10:32:22",0,0,0
12249,"2023-07-11 12:37:30",0,0,0
11672,"2023-07-11 12:38:40",0,0,0
71105,"2023-07-11 12:40:13",0,0,0
9131,"2023-07-11 12:56:04",0,0,0
19295,"2023-07-11 13:30:56",0,1,0
18761,"2023-07-11 13:30:59",0,1,0
112073,"2023-07-11 13:39:38",0,2,0
112073,"2023-07-11 13:39:41",0,2,0
12604,"2023-07-11 13:45:39",0,0,0
12936,"2023-07-11 13:54:34",0,0,0
100347,"2023-07-11 13:54:42",0,0,0
11047,"2023-07-11 14:04:37",0,0,0
12379,"2023-07-11 14:27:52",0,0,0
12379,"2023-07-11 14:27:59",0,2,0
12672,"2023-07-11 14:31:22",0,0,0
12804,"2023-07-11 14:34:47",0,1,0
12537,"2023-07-11 14:44:45",0,0,0
12537,"2023-07-11 14:44:48",0,0,0
112091,"2023-07-11 15:02:32",0,0,0
6628,"2023-07-11 15:03:37",0,0,0
12537,"2023-07-11 15:11:21",0,0,0
686,"2023-07-11 15:49:01",0,0,0
686,"2023-07-11 15:49:03",0,0,0
12362,"2023-07-11 16:00:26",0,0,0
11745,"2023-07-11 16:00:41",0,1,0
11745,"2023-07-11 16:00:44",0,1,0
110166,"2023-07-11 16:05:23",0,0,0
9549,"2023-07-11 16:08:52",0,0,0
9549,"2023-07-11 16:08:54",0,0,0
11098,"2023-07-11 16:10:53",0,1,0
11098,"2023-07-11 16:10:55",0,1,0
11098,"2023-07-11 16:10:58",0,1,0
8936,"2023-07-11 16:13:03",0,1,0
8936,"2023-07-11 16:13:06",0,1,0
8944,"2023-07-11 16:17:44",0,1,0
8944,"2023-07-11 16:17:46",0,1,0
12536,"2023-07-11 16:37:34",0,0,0
11181,"2023-07-11 17:30:14",0,0,0
11057,"2023-07-11 17:33:10",0,0,0
11057,"2023-07-11 17:33:12",0,0,0
11672,"2023-07-11 18:09:26",0,0,0
10002,"2023-07-11 19:37:46",0,1,0
2731,"2023-07-11 20:45:08",0,0,0
71105,"2023-07-11 21:00:28",0,2,0
9124,"2023-07-11 21:38:09",0,0,0
12936,"2023-07-11 21:39:27",0,0,0
112073,"2023-07-11 21:56:26",0,2,0
100347,"2023-07-11 22:11:01",0,2,0
12804,"2023-07-12 01:24:51",0,0,0
12804,"2023-07-12 02:39:26",0,1,0
112090,"2023-07-12 05:53:39",0,0,0
686,"2023-07-12 06:11:00",0,0,0
9124,"2023-07-12 06:25:47",0,0,0
12804,"2023-07-12 06:41:47",0,0,0
116198,"2023-07-12 06:48:34",0,0,0
11181,"2023-07-12 06:51:42",0,0,0
100530,"2023-07-12 06:56:35",0,0,0
16694,"2023-07-12 06:58:09",0,0,0
12936,"2023-07-12 07:02:02",0,0,0
11098,"2023-07-12 07:08:55",0,0,0
11098,"2023-07-12 07:08:58",0,0,0
8944,"2023-07-12 07:09:06",0,0,0
8944,"2023-07-12 07:09:08",0,0,0
6145,"2023-07-12 07:14:07",0,0,0
12362,"2023-07-12 07:19:17",0,0,0
8936,"2023-07-12 07:21:10",0,0,0
8936,"2023-07-12 07:21:12",0,0,0
110166,"2023-07-12 07:21:34",0,0,0
11745,"2023-07-12 07:21:43",0,0,0
11745,"2023-07-12 07:21:46",0,0,0
10566,"2023-07-12 07:34:38",0,0,0
2731,"2023-07-12 07:38:25",0,0,0
9549,"2023-07-12 07:38:31",0,0,0
9549,"2023-07-12 07:38:34",0,0,0
6628,"2023-07-12 07:39:11",0,0,0
9370,"2023-07-12 07:56:18",0,0,0
9136,"2023-07-12 08:02:08",0,0,0
10563,"2023-07-12 08:08:27",0,0,0
10563,"2023-07-12 08:08:34",0,0,0
12426,"2023-07-12 08:29:11",0,0,0
19295,"2023-07-12 08:50:49",0,0,0
11672,"2023-07-12 08:53:28",0,0,0
12674,"2023-07-12 08:54:41",0,0,0
12672,"2023-07-12 08:58:15",0,0,0
12249,"2023-07-12 09:03:38",0,0,0
18761,"2023-07-12 09:09:24",0,0,0
11378,"2023-07-12 10:09:03",0,0,0
11615,"2023-07-12 10:31:33",0,0,0
19295,"2023-07-12 13:06:32",0,1,0
10571,"2023-07-12 13:18:05",0,0,0
112091,"2023-07-12 13:20:27",0,0,0
12249,"2023-07-12 13:22:36",0,0,0
18761,"2023-07-12 13:31:28",0,1,0
71258,"2023-07-12 13:38:58",0,0,0
12604,"2023-07-12 13:43:09",0,0,0
71805,"2023-07-12 13:44:46",0,0,0
11672,"2023-07-12 14:06:02",0,0,0
12804,"2023-07-12 14:35:45",0,1,0
9124,"2023-07-12 14:41:08",0,0,0
6628,"2023-07-12 14:52:01",0,0,0
686,"2023-07-12 15:21:23",0,0,0
686,"2023-07-12 15:21:26",0,0,0
12379,"2023-07-12 15:41:50",0,0,0
12672,"2023-07-12 15:50:17",0,0,0
11181,"2023-07-12 16:00:03",0,0,0
11745,"2023-07-12 16:00:55",0,1,0
11745,"2023-07-12 16:00:58",0,1,0
12362,"2023-07-12 16:01:53",0,0,0
112090,"2023-07-12 16:04:25",0,0,0
8944,"2023-07-12 16:06:39",0,1,0
8944,"2023-07-12 16:06:41",0,1,0
110166,"2023-07-12 16:08:47",0,0,0
8936,"2023-07-12 16:15:21",0,1,0
8936,"2023-07-12 16:15:24",0,1,0
11098,"2023-07-12 16:15:27",0,1,0
11098,"2023-07-12 16:15:29",0,1,0
11098,"2023-07-12 16:15:32",0,1,0
6145,"2023-07-12 16:27:37",0,0,0
9549,"2023-07-12 16:33:38",0,0,0
10557,"2023-07-12 16:35:49",0,0,0
10002,"2023-07-12 19:08:00",0,1,0
100347,"2023-07-12 20:31:27",0,0,0
2731,"2023-07-12 20:47:15",0,0,0
112073,"2023-07-12 20:47:30",0,0,0
112073,"2023-07-12 20:47:32",0,0,0
10571,"2023-07-12 21:37:56",0,0,0
71805,"2023-07-12 21:43:15",0,1,0
112090,"2023-07-13 05:56:22",0,0,0
686,"2023-07-13 06:14:10",0,0,0
11630,"2023-07-13 06:23:24",0,0,0
11630,"2023-07-13 06:23:27",0,0,0
12804,"2023-07-13 06:38:11",0,0,0
112099,"2023-07-13 06:46:25",0,0,0
9124,"2023-07-13 06:50:09",0,0,0
11918,"2023-07-13 06:50:32",0,0,0
11918,"2023-07-13 06:50:35",0,0,0
11181,"2023-07-13 06:52:56",0,0,0
12936,"2023-07-13 07:03:03",0,0,0
8944,"2023-07-13 07:06:55",0,0,0
8944,"2023-07-13 07:06:57",0,0,0
8936,"2023-07-13 07:15:21",0,0,0
8936,"2023-07-13 07:15:23",0,0,0
12362,"2023-07-13 07:16:05",0,0,0
11098,"2023-07-13 07:20:47",0,0,0
11098,"2023-07-13 07:20:49",0,0,0
11098,"2023-07-13 07:20:52",0,0,0
110166,"2023-07-13 07:21:30",0,0,0
11978,"2023-07-13 07:21:45",0,0,0
11978,"2023-07-13 07:21:47",0,0,0
11745,"2023-07-13 07:23:43",0,0,0
11745,"2023-07-13 07:23:45",0,0,0
112073,"2023-07-13 07:38:10",0,2,0
112073,"2023-07-13 07:38:13",0,2,0
9549,"2023-07-13 07:44:15",0,0,0
9549,"2023-07-13 07:44:17",0,0,0
2731,"2023-07-13 07:45:39",0,0,0
12536,"2023-07-13 07:53:42",0,0,0
9136,"2023-07-13 07:59:17",0,0,0
12379,"2023-07-13 08:06:11",0,0,0
10002,"2023-07-13 08:13:15",0,0,0
100347,"2023-07-13 08:33:55",0,2,0
11378,"2023-07-13 08:39:51",0,0,0
19295,"2023-07-13 08:46:36",0,0,0
10563,"2023-07-13 08:55:16",0,0,0
10563,"2023-07-13 08:55:23",0,0,0
9370,"2023-07-13 09:10:45",0,0,0
18761,"2023-07-13 09:13:21",0,0,0
12672,"2023-07-13 09:53:47",0,0,0
6628,"2023-07-13 10:49:31",0,0,0
10571,"2023-07-13 12:38:55",0,0,0
19295,"2023-07-13 12:42:55",0,1,0
11953,"2023-07-13 13:26:24",0,0,0
71805,"2023-07-13 13:40:00",0,0,0
11672,"2023-07-13 13:45:39",0,0,0
71822,"2023-07-13 13:49:36",0,0,0
6628,"2023-07-13 14:02:03",0,0,0
12672,"2023-07-13 14:32:36",0,0,0
12804,"2023-07-13 14:36:05",0,1,0
12804,"2023-07-13 14:36:07",0,1,0
112090,"2023-07-13 15:07:43",0,0,0
12379,"2023-07-13 15:21:49",0,2,0
12936,"2023-07-13 15:35:28",0,0,0
11745,"2023-07-13 16:00:49",0,1,0
11745,"2023-07-13 16:00:51",0,1,0
12362,"2023-07-13 16:01:08",0,0,0
8944,"2023-07-13 16:01:28",0,1,0
8944,"2023-07-13 16:01:30",0,1,0
8936,"2023-07-13 16:09:23",0,1,0
8936,"2023-07-13 16:09:25",0,1,0
11098,"2023-07-13 16:10:07",0,1,0
11098,"2023-07-13 16:10:10",0,1,0
11098,"2023-07-13 16:10:12",0,1,0
12536,"2023-07-13 16:14:16",0,0,0
11615,"2023-07-13 16:16:17",0,0,0
9549,"2023-07-13 16:17:33",0,0,0
9549,"2023-07-13 16:17:35",0,0,0
11181,"2023-07-13 17:34:01",0,0,0
11672,"2023-07-13 18:29:06",0,0,0
10002,"2023-07-13 19:59:28",0,1,0
112091,"2023-07-13 20:12:50",0,0,0
16695,"2023-07-13 20:59:41",0,0,0
10571,"2023-07-13 21:35:45",0,0,0
9124,"2023-07-13 21:45:33",0,0,0
71805,"2023-07-13 21:54:03",0,1,0
71822,"2023-07-13 22:10:03",0,0,0
12804,"2023-07-14 01:01:21",0,0,0
12804,"2023-07-14 01:50:15",0,1,0
12804,"2023-07-14 06:45:15",0,0,0
11181,"2023-07-14 06:48:23",0,0,0
8944,"2023-07-14 07:10:35",0,0,0
8944,"2023-07-14 07:10:37",0,0,0
110166,"2023-07-14 07:16:04",0,0,0
11098,"2023-07-14 07:20:12",0,0,0
11098,"2023-07-14 07:20:14",0,0,0
11098,"2023-07-14 07:20:16",0,0,0
8936,"2023-07-14 07:20:28",0,0,0
8936,"2023-07-14 07:20:31",0,0,0
12362,"2023-07-14 07:22:09",0,0,0
11745,"2023-07-14 07:25:10",0,0,0
11745,"2023-07-14 07:25:13",0,0,0
8777,"2023-07-14 07:25:34",0,0,0
112091,"2023-07-14 07:45:26",0,0,0
12536,"2023-07-14 07:52:36",0,0,0
9370,"2023-07-14 08:03:02",0,0,0
10566,"2023-07-14 08:08:19",0,0,0
9132,"2023-07-14 08:24:14",0,0,0
11613,"2023-07-14 08:32:55",0,0,0
9549,"2023-07-14 08:34:34",0,0,0
9549,"2023-07-14 08:34:36",0,0,0
12426,"2023-07-14 08:47:56",0,0,0
12672,"2023-07-14 08:54:15",0,0,0
19295,"2023-07-14 08:54:30",0,0,0
9131,"2023-07-14 11:06:39",0,0,0
10571,"2023-07-14 13:20:51",0,0,0
71805,"2023-07-14 13:43:20",0,0,0
71822,"2023-07-14 13:48:31",0,0,0
12604,"2023-07-14 13:51:31",0,0,0
19295,"2023-07-14 14:03:51",0,1,0
12804,"2023-07-14 14:05:07",0,1,0
12804,"2023-07-14 14:05:09",0,1,0
12379,"2023-07-14 14:28:54",0,0,0
12672,"2023-07-14 14:36:11",0,0,0
686,"2023-07-14 15:07:08",0,0,0
686,"2023-07-14 15:07:10",0,0,0
12536,"2023-07-14 15:42:59",0,0,0
11615,"2023-07-14 15:55:34",0,0,0
12362,"2023-07-14 16:30:14",0,0,0
12385,"2023-07-14 16:30:23",0,0,0
11745,"2023-07-14 16:30:37",0,1,0
11745,"2023-07-14 16:30:40",0,1,0
8944,"2023-07-14 16:31:33",0,1,0
8944,"2023-07-14 16:31:35",0,1,0
9549,"2023-07-14 16:39:07",0,0,0
9549,"2023-07-14 16:39:09",0,0,0
8936,"2023-07-14 16:40:18",0,1,0
8936,"2023-07-14 16:40:20",0,1,0
9128,"2023-07-14 16:41:11",0,0,0
11098,"2023-07-14 16:42:09",0,1,0
11098,"2023-07-14 16:42:12",0,1,0
12537,"2023-07-14 16:45:00",0,0,0
12537,"2023-07-14 16:45:02",0,0,0
12537,"2023-07-14 16:45:08",0,0,0
11634,"2023-07-14 16:53:57",0,0,0
9147,"2023-07-14 17:03:40",0,0,0
11672,"2023-07-14 17:13:07",0,0,0
11672,"2023-07-14 17:13:10",0,0,0
11181,"2023-07-14 17:26:47",0,0,0
10002,"2023-07-14 18:04:32",0,1,0
12379,"2023-07-14 19:26:24",0,2,0
10571,"2023-07-14 21:10:06",0,0,0
71805,"2023-07-14 21:30:54",0,1,0
71822,"2023-07-14 21:53:28",0,0,0
11630,"2023-07-15 06:37:22",0,0,0
11630,"2023-07-15 06:37:24",0,0,0
12804,"2023-07-15 06:44:01",0,0,0
12936,"2023-07-15 06:55:54",0,0,0
12536,"2023-07-15 09:11:24",0,0,0
9136,"2023-07-15 10:23:06",0,0,0
12804,"2023-07-15 12:33:06",0,1,0
12536,"2023-07-15 12:53:49",0,0,0
10571,"2023-07-15 13:03:46",0,0,0
100347,"2023-07-15 13:38:34",0,0,0
71822,"2023-07-15 13:46:28",0,0,0
12379,"2023-07-15 15:13:28",0,2,0
12379,"2023-07-15 15:13:43",0,0,0
10564,"2023-07-15 15:14:10",0,0,0
12804,"2023-07-15 16:28:14",0,0,0
12804,"2023-07-15 18:33:56",0,1,0
12379,"2023-07-15 19:25:26",0,2,0
112090,"2023-07-15 19:49:56",0,0,0
12399,"2023-07-15 20:06:09",0,0,0
112073,"2023-07-15 20:40:07",0,0,0
112073,"2023-07-15 20:40:09",0,0,0
10571,"2023-07-15 21:32:13",0,0,0
100347,"2023-07-15 22:07:18",0,2,0
71822,"2023-07-15 22:26:18",0,0,0
112091,"2023-07-16 06:37:54",0,0,0
2731,"2023-07-16 06:45:45",0,0,0
71805,"2023-07-16 06:49:53",0,0,0
112090,"2023-07-16 07:54:24",0,0,0
112073,"2023-07-16 08:08:56",0,2,0
112073,"2023-07-16 08:08:59",0,2,0
12426,"2023-07-16 10:44:31",0,0,0
12936,"2023-07-16 13:54:02",0,0,0
2731,"2023-07-16 14:39:07",0,0,0
112091,"2023-07-16 14:50:18",0,0,0
71805,"2023-07-16 15:10:43",0,1,0
12399,"2023-07-16 20:13:33",0,0,0
71822,"2023-07-16 20:25:28",0,0,0
71822,"2023-07-16 20:25:30",0,0,0
100347,"2023-07-16 20:34:39",0,0,0
12936,"2023-07-16 21:40:03",0,0,0
11630,"2023-07-17 06:22:23",0,0,0
11630,"2023-07-17 06:22:25",0,0,0
686,"2023-07-17 06:24:34",0,0,0
686,"2023-07-17 06:24:36",0,0,0
12804,"2023-07-17 06:37:01",0,0,0
112073,"2023-07-17 06:42:33",0,0,0
11181,"2023-07-17 06:46:20",0,0,0
2731,"2023-07-17 06:48:44",0,0,0
11683,"2023-07-17 06:55:17",0,0,0
11918,"2023-07-17 06:57:25",0,0,0
11918,"2023-07-17 06:57:28",0,0,0
11918,"2023-07-17 06:57:32",0,0,0
8944,"2023-07-17 07:02:47",0,0,0
8944,"2023-07-17 07:02:50",0,0,0
12536,"2023-07-17 07:14:23",0,0,0
8936,"2023-07-17 07:17:00",0,0,0
8936,"2023-07-17 07:17:02",0,0,0
12362,"2023-07-17 07:17:35",0,0,0
11098,"2023-07-17 07:21:33",0,0,0
11098,"2023-07-17 07:21:42",0,0,0
11098,"2023-07-17 07:21:44",0,0,0
110166,"2023-07-17 07:23:13",0,0,0
11745,"2023-07-17 07:24:06",0,0,0
11745,"2023-07-17 07:24:08",0,0,0
9549,"2023-07-17 07:27:13",0,0,0
9549,"2023-07-17 07:27:15",0,0,0
10563,"2023-07-17 07:51:05",0,0,0
10563,"2023-07-17 07:51:12",0,0,0
9370,"2023-07-17 07:59:28",0,0,0
10566,"2023-07-17 07:59:34",0,0,0
9136,"2023-07-17 08:01:37",0,0,0
12672,"2023-07-17 08:05:03",0,0,0
12379,"2023-07-17 08:16:11",0,0,0
6628,"2023-07-17 08:28:49",0,0,0
19295,"2023-07-17 08:50:36",0,0,0
71822,"2023-07-17 08:51:03",0,0,0
12536,"2023-07-17 09:08:41",0,0,0
100347,"2023-07-17 09:53:50",0,2,0
71105,"2023-07-17 12:37:14",0,0,0
10571,"2023-07-17 13:13:32",0,0,0
9124,"2023-07-17 13:23:48",0,0,0
112091,"2023-07-17 13:25:45",0,0,0
71805,"2023-07-17 13:45:24",0,0,0
12379,"2023-07-17 14:09:49",0,2,0
19295,"2023-07-17 14:11:51",0,1,0
6628,"2023-07-17 14:33:40",0,0,0
12804,"2023-07-17 14:35:39",0,1,0
2731,"2023-07-17 14:46:56",0,0,0
12672,"2023-07-17 15:29:45",0,0,0
112073,"2023-07-17 15:32:07",0,2,0
112073,"2023-07-17 15:32:09",0,2,0
112073,"2023-07-17 15:40:43",0,2,0
11745,"2023-07-17 16:01:03",0,1,0
11745,"2023-07-17 16:01:05",0,1,0
8944,"2023-07-17 16:01:12",0,1,0
8944,"2023-07-17 16:01:14",0,1,0
12362,"2023-07-17 16:01:21",0,1,0
110166,"2023-07-17 16:01:39",0,0,0
8936,"2023-07-17 16:07:05",0,1,0
8936,"2023-07-17 16:07:07",0,1,0
11098,"2023-07-17 16:07:11",0,1,0
11098,"2023-07-17 16:07:13",0,1,0
9549,"2023-07-17 16:25:00",0,0,0
9549,"2023-07-17 16:25:02",0,0,0
11181,"2023-07-17 16:25:07",0,0,0
11672,"2023-07-17 18:08:11",0,0,0
10002,"2023-07-17 18:09:32",0,1,0
12804,"2023-07-17 18:57:27",0,0,0
12804,"2023-07-17 19:20:54",0,1,0
112090,"2023-07-17 19:45:08",0,0,0
12936,"2023-07-17 20:23:24",0,0,0
71822,"2023-07-17 20:32:57",0,0,0
10571,"2023-07-17 21:45:04",0,0,0
112091,"2023-07-17 21:46:09",0,0,0
71805,"2023-07-17 22:01:11",0,1,0
686,"2023-07-18 06:23:10",0,0,0
686,"2023-07-18 06:23:12",0,0,0
12804,"2023-07-18 06:37:56",0,0,0
71105,"2023-07-18 06:45:32",0,0,0
11181,"2023-07-18 06:46:20",0,0,0
11066,"2023-07-18 06:49:08",0,0,0
9136,"2023-07-18 06:53:15",0,0,0
110166,"2023-07-18 07:06:32",0,0,0
8936,"2023-07-18 07:11:41",0,0,0
8936,"2023-07-18 07:11:43",0,0,0
8944,"2023-07-18 07:12:03",0,0,0
8944,"2023-07-18 07:12:05",0,0,0
11098,"2023-07-18 07:19:58",0,0,0
11098,"2023-07-18 07:20:00",0,0,0
11098,"2023-07-18 07:20:07",0,0,0
11745,"2023-07-18 07:21:00",0,0,0
11745,"2023-07-18 07:21:05",0,0,0
12362,"2023-07-18 07:25:10",0,0,0
12843,"2023-07-18 07:25:21",0,0,0
12969,"2023-07-18 07:28:20",0,0,0
9549,"2023-07-18 07:28:26",0,0,0
9549,"2023-07-18 07:28:29",0,0,0
116198,"2023-07-18 07:46:36",0,0,0
116198,"2023-07-18 07:46:45",0,0,0
112090,"2023-07-18 08:09:44",0,0,0
9124,"2023-07-18 08:24:35",0,0,0
12379,"2023-07-18 08:26:25",0,0,0
12936,"2023-07-18 08:30:44",0,0,0
19295,"2023-07-18 08:46:09",0,0,0
18761,"2023-07-18 08:48:21",0,0,0
12672,"2023-07-18 09:01:50",0,0,0
71822,"2023-07-18 09:08:09",0,0,0
10563,"2023-07-18 09:16:32",0,0,0
10563,"2023-07-18 09:16:37",0,0,0
10563,"2023-07-18 09:16:39",0,0,0
6628,"2023-07-18 10:51:13",0,0,0
11672,"2023-07-18 12:39:35",0,0,0
9132,"2023-07-18 12:40:54",0,0,0
9132,"2023-07-18 12:40:56",0,0,0
10571,"2023-07-18 13:17:56",0,0,0
112091,"2023-07-18 13:28:01",0,0,0
71805,"2023-07-18 13:40:37",0,0,0
112073,"2023-07-18 13:44:28",0,0,0
12604,"2023-07-18 13:49:07",0,0,0
18761,"2023-07-18 14:16:05",0,1,0
12804,"2023-07-18 14:39:57",0,1,0
12672,"2023-07-18 14:41:02",0,0,0
19295,"2023-07-18 14:51:01",0,1,0
6628,"2023-07-18 14:51:35",0,0,0
71105,"2023-07-18 15:08:24",0,2,0
12379,"2023-07-18 15:16:58",0,2,0
12299,"2023-07-18 15:17:47",0,0,0
11615,"2023-07-18 15:55:37",0,0,0
12362,"2023-07-18 16:00:04",0,0,0
11745,"2023-07-18 16:00:51",0,1,0
11745,"2023-07-18 16:00:54",0,1,0
110166,"2023-07-18 16:02:38",0,0,0
9549,"2023-07-18 16:03:16",0,0,0
9549,"2023-07-18 16:03:19",0,0,0
8944,"2023-07-18 16:03:56",0,1,0
11098,"2023-07-18 16:10:00",0,1,0
11098,"2023-07-18 16:10:03",0,1,0
11098,"2023-07-18 16:10:05",0,1,0
11181,"2023-07-18 16:20:05",0,0,0
10002,"2023-07-18 17:04:36",0,1,0
12969,"2023-07-18 17:12:17",0,0,0
11672,"2023-07-18 17:29:54",0,0,0
12936,"2023-07-18 20:36:51",0,0,0
10571,"2023-07-18 21:46:09",0,0,0
112091,"2023-07-18 21:49:40",0,0,0
71805,"2023-07-18 21:54:08",0,1,0
112073,"2023-07-18 22:03:09",0,2,0
71105,"2023-07-19 06:39:00",0,0,0
100347,"2023-07-19 06:49:13",0,0,0
16694,"2023-07-19 06:51:29",0,0,0
12936,"2023-07-19 08:16:29",0,0,0
12804,"2023-07-19 08:54:34",0,0,0
12804,"2023-07-19 11:18:59",0,1,0
112090,"2023-07-19 12:39:43",0,0,0
12299,"2023-07-19 12:58:51",0,0,0
10571,"2023-07-19 13:21:29",0,0,0
112073,"2023-07-19 13:26:28",0,0,0
112073,"2023-07-19 13:26:30",0,0,0
2731,"2023-07-19 13:48:17",0,0,0
38096,"2023-07-19 14:18:50",0,0,0
12379,"2023-07-19 14:40:43",0,0,0
100347,"2023-07-19 15:16:47",0,2,0
12804,"2023-07-19 15:24:01",0,0,0
12299,"2023-07-19 16:16:34",0,0,0
12804,"2023-07-19 16:35:43",0,1,0
12804,"2023-07-19 18:17:53",0,0,0
12804,"2023-07-19 19:33:29",0,1,0
12379,"2023-07-19 19:42:34",0,2,0
10571,"2023-07-19 21:35:35",0,0,0
2731,"2023-07-19 21:38:39",0,0,0
112090,"2023-07-19 22:12:01",0,0,0
112073,"2023-07-19 22:12:12",0,2,0
12536,"2023-07-19 23:04:26",0,0,0
38096,"2023-07-19 23:06:21",0,0,0
12536,"2023-07-20 01:09:46",0,0,0
12804,"2023-07-20 06:11:32",0,0,0
686,"2023-07-20 06:25:23",0,0,0
686,"2023-07-20 06:25:26",0,0,0
112091,"2023-07-20 06:34:52",0,0,0
11066,"2023-07-20 06:43:38",0,0,0
11181,"2023-07-20 06:50:03",0,0,0
10571,"2023-07-20 06:57:44",0,0,0
12362,"2023-07-20 07:12:28",0,0,0
8944,"2023-07-20 07:13:06",0,0,0
8944,"2023-07-20 07:13:08",0,0,0
8936,"2023-07-20 07:13:32",0,0,0
8936,"2023-07-20 07:13:34",0,0,0
71021,"2023-07-20 07:18:07",0,0,0
71021,"2023-07-20 07:18:10",0,0,0
11098,"2023-07-20 07:20:40",0,0,0
11098,"2023-07-20 07:20:42",0,0,0
11098,"2023-07-20 07:20:45",0,0,0
110166,"2023-07-20 07:22:38",0,0,0
11745,"2023-07-20 07:25:05",0,0,0
11745,"2023-07-20 07:25:07",0,0,0
9549,"2023-07-20 07:35:57",0,0,0
9549,"2023-07-20 07:35:59",0,0,0
9136,"2023-07-20 07:39:04",0,0,0
9370,"2023-07-20 07:58:25",0,0,0
12536,"2023-07-20 08:02:25",0,0,0
18761,"2023-07-20 08:53:48",0,0,0
10563,"2023-07-20 09:19:16",0,0,0
10563,"2023-07-20 09:19:22",0,0,0
10563,"2023-07-20 09:19:25",0,0,0
12672,"2023-07-20 09:59:53",0,0,0
6628,"2023-07-20 10:38:19",0,0,0
71105,"2023-07-20 12:47:56",0,0,0
18761,"2023-07-20 13:15:59",0,0,0
18761,"2023-07-20 13:16:07",0,1,0
2731,"2023-07-20 13:50:01",0,0,0
10571,"2023-07-20 14:05:17",0,0,0
9136,"2023-07-20 14:13:16",0,1,0
12672,"2023-07-20 14:28:24",0,0,0
12804,"2023-07-20 14:35:37",0,1,0
6628,"2023-07-20 14:49:29",0,0,0
686,"2023-07-20 15:20:38",0,0,0
686,"2023-07-20 15:20:41",0,0,0
12362,"2023-07-20 16:00:06",0,0,0
11745,"2023-07-20 16:00:48",0,1,0
11745,"2023-07-20 16:00:50",0,1,0
12536,"2023-07-20 16:01:11",0,0,0
8944,"2023-07-20 16:02:58",0,1,0
110166,"2023-07-20 16:03:04",0,1,0
9139,"2023-07-20 16:06:38",0,1,0
9128,"2023-07-20 16:06:42",0,1,0
9128,"2023-07-20 16:06:44",0,1,0
8936,"2023-07-20 16:07:17",0,1,0
8936,"2023-07-20 16:07:20",0,1,0
11098,"2023-07-20 16:07:24",0,1,0
11098,"2023-07-20 16:07:26",0,1,0
9549,"2023-07-20 16:25:30",0,0,0
9549,"2023-07-20 16:25:39",0,0,0
9549,"2023-07-20 16:25:42",0,0,0
11672,"2023-07-20 17:05:14",0,0,0
11181,"2023-07-20 17:26:16",0,0,0
11672,"2023-07-20 17:59:47",0,0,0
10002,"2023-07-20 18:10:06",0,1,0
112090,"2023-07-20 19:38:05",0,0,0
71805,"2023-07-20 19:57:15",0,0,0
100347,"2023-07-20 20:39:16",0,0,0
71803,"2023-07-20 20:46:19",0,0,0
2731,"2023-07-20 21:38:38",0,0,0
10571,"2023-07-21 06:39:19",0,0,0
12804,"2023-07-21 06:45:18",0,0,0
11181,"2023-07-21 06:47:40",0,0,0
16698,"2023-07-21 06:54:12",0,0,0
11067,"2023-07-21 06:56:42",0,0,0
8944,"2023-07-21 07:05:28",0,0,0
8944,"2023-07-21 07:05:30",0,0,0
12362,"2023-07-21 07:13:08",0,0,0
8936,"2023-07-21 07:15:46",0,0,0
8936,"2023-07-21 07:15:49",0,0,0
11745,"2023-07-21 07:23:51",0,0,0
11745,"2023-07-21 07:23:53",0,0,0
9549,"2023-07-21 07:27:12",0,0,0
9549,"2023-07-21 07:27:14",0,0,0
11098,"2023-07-21 07:30:33",0,0,0
11098,"2023-07-21 07:30:35",0,0,0
11098,"2023-07-21 07:30:38",0,0,0
10566,"2023-07-21 07:32:42",0,0,0
12536,"2023-07-21 07:46:55",0,0,0
112090,"2023-07-21 08:16:08",0,0,0
9136,"2023-07-21 08:28:01",0,0,0
100347,"2023-07-21 08:33:01",0,2,0
12672,"2023-07-21 08:58:28",0,0,0
18761,"2023-07-21 09:03:23",0,0,0
71805,"2023-07-21 09:08:07",0,1,0
10563,"2023-07-21 09:14:50",0,0,0
10563,"2023-07-21 09:14:57",0,0,0
12249,"2023-07-21 09:27:14",0,0,0
11615,"2023-07-21 10:35:59",0,0,0
11672,"2023-07-21 11:16:39",0,0,0
71105,"2023-07-21 12:41:00",0,0,0
12249,"2023-07-21 12:44:07",0,0,0
686,"2023-07-21 12:54:28",0,0,0
686,"2023-07-21 12:54:32",0,0,0
6628,"2023-07-21 13:22:50",0,0,0
71822,"2023-07-21 13:39:38",0,0,0
12604,"2023-07-21 13:50:51",0,0,0
10571,"2023-07-21 14:02:54",0,0,0
12804,"2023-07-21 14:06:43",0,1,0
12672,"2023-07-21 14:38:40",0,0,0
6628,"2023-07-21 14:52:33",0,0,0
18761,"2023-07-21 15:20:17",0,1,0
12536,"2023-07-21 16:00:47",0,0,0
12362,"2023-07-21 16:30:39",0,0,0
11745,"2023-07-21 16:30:50",0,1,0
11745,"2023-07-21 16:30:52",0,1,0
8944,"2023-07-21 16:31:03",0,1,0
8944,"2023-07-21 16:31:06",0,1,0
8936,"2023-07-21 16:35:34",0,1,0
8936,"2023-07-21 16:35:36",0,1,0
11098,"2023-07-21 16:45:14",0,1,0
11098,"2023-07-21 16:45:16",0,1,0
11098,"2023-07-21 16:45:18",0,1,0
12276,"2023-07-21 16:46:48",0,0,0
11672,"2023-07-21 16:51:11",0,0,0
9549,"2023-07-21 17:06:39",0,0,0
9549,"2023-07-21 17:06:41",0,0,0
1982,"2023-07-21 17:09:02",0,0,0
11181,"2023-07-21 17:15:03",0,0,0
11634,"2023-07-21 17:17:19",0,0,0
10002,"2023-07-21 17:56:34",0,1,0
12804,"2023-07-21 18:06:51",0,0,0
71805,"2023-07-21 20:10:21",0,0,0
112091,"2023-07-21 20:16:19",0,0,0
100347,"2023-07-21 20:29:03",0,0,0
71105,"2023-07-21 20:30:59",0,2,0
12804,"2023-07-21 20:33:56",0,1,0
12804,"2023-07-21 20:33:58",0,1,0
112073,"2023-07-21 20:39:01",0,0,0
2731,"2023-07-21 20:45:22",0,0,0
12372,"2023-07-21 20:54:31",0,0,0
12372,"2023-07-21 20:54:33",0,0,0
71822,"2023-07-21 22:04:54",0,0,0
12804,"2023-07-21 23:56:57",0,0,0
12804,"2023-07-22 00:19:12",0,1,0
112090,"2023-07-22 05:56:31",0,0,0
12804,"2023-07-22 06:39:44",0,0,0
11066,"2023-07-22 06:50:07",0,0,0
12936,"2023-07-22 06:54:45",0,0,0
2731,"2023-07-22 07:42:24",0,0,0
100347,"2023-07-22 08:00:47",0,2,0
112073,"2023-07-22 08:22:31",0,1,0
71805,"2023-07-22 08:25:37",0,1,0
12536,"2023-07-22 08:45:59",0,0,0
71105,"2023-07-22 12:45:56",0,0,0
12804,"2023-07-22 13:09:39",0,1,0
10571,"2023-07-22 13:17:34",0,0,0
12536,"2023-07-22 13:17:50",0,0,0
71822,"2023-07-22 13:40:00",0,0,0
12379,"2023-07-22 14:08:49",0,0,0
112090,"2023-07-22 15:11:18",0,0,0
12936,"2023-07-22 15:12:42",0,0,0
9143,"2023-07-22 15:44:46",0,0,0
12379,"2023-07-22 19:53:05",0,2,0
2731,"2023-07-22 20:48:35",0,0,0
11047,"2023-07-22 20:56:06",0,0,0
11047,"2023-07-22 20:56:09",0,0,0
10571,"2023-07-22 21:21:05",0,0,0
71822,"2023-07-22 22:08:26",0,0,0
112090,"2023-07-23 05:54:13",0,0,0
112099,"2023-07-23 06:40:43",0,0,0
112099,"2023-07-23 06:40:45",0,0,0
112091,"2023-07-23 06:46:19",0,0,0
2731,"2023-07-23 07:47:08",0,0,0
12804,"2023-07-23 08:28:39",0,0,0
12804,"2023-07-23 09:51:31",0,1,0
12426,"2023-07-23 11:12:07",0,0,0
71822,"2023-07-23 13:35:30",0,0,0
112073,"2023-07-23 13:45:25",0,0,0
112073,"2023-07-23 13:45:27",0,0,0
12936,"2023-07-23 13:49:46",0,0,0
112091,"2023-07-23 15:10:08",0,0,0
112090,"2023-07-23 15:22:31",0,0,0
11047,"2023-07-23 20:59:19",0,0,0
12804,"2023-07-23 21:12:15",0,0,0
12936,"2023-07-23 21:37:58",0,0,0
71822,"2023-07-23 22:08:51",0,0,0
112073,"2023-07-23 22:11:36",0,2,0
112073,"2023-07-23 22:11:39",0,2,0
12804,"2023-07-23 22:17:32",0,1,0
686,"2023-07-24 06:27:01",0,0,0
686,"2023-07-24 06:27:04",0,0,0
12804,"2023-07-24 06:37:45",0,0,0
12804,"2023-07-24 06:37:47",0,0,0
11181,"2023-07-24 06:49:09",0,0,0
100347,"2023-07-24 06:49:41",0,0,0
12932,"2023-07-24 06:50:17",0,0,0
12604,"2023-07-24 06:58:50",0,0,0
8944,"2023-07-24 07:12:22",0,0,0
8944,"2023-07-24 07:12:25",0,0,0
8936,"2023-07-24 07:12:43",0,0,0
8936,"2023-07-24 07:12:46",0,0,0
12362,"2023-07-24 07:20:04",0,0,0
10566,"2023-07-24 07:22:45",0,0,0
11745,"2023-07-24 07:23:29",0,0,0
11745,"2023-07-24 07:23:31",0,0,0
12536,"2023-07-24 07:25:14",0,0,0
12379,"2023-07-24 07:25:19",0,0,0
12379,"2023-07-24 07:25:21",0,0,0
11098,"2023-07-24 07:28:32",0,0,0
11098,"2023-07-24 07:28:35",0,0,0
9549,"2023-07-24 07:30:15",0,0,0
9549,"2023-07-24 07:30:17",0,0,0
9136,"2023-07-24 08:03:25",0,0,0
9370,"2023-07-24 08:06:31",0,0,0
12426,"2023-07-24 08:29:15",0,0,0
19295,"2023-07-24 08:51:40",0,0,0
12249,"2023-07-24 09:02:53",0,0,0
12672,"2023-07-24 09:10:40",0,0,0
18761,"2023-07-24 09:10:56",0,0,0
6628,"2023-07-24 09:11:43",0,0,0
11672,"2023-07-24 09:26:53",0,0,0
11672,"2023-07-24 09:29:20",0,0,0
9132,"2023-07-24 09:45:34",0,0,0
9132,"2023-07-24 09:45:37",0,0,0
112090,"2023-07-24 12:36:53",0,0,0
6628,"2023-07-24 12:48:25",0,0,0
12536,"2023-07-24 12:59:45",0,0,0
19295,"2023-07-24 13:11:03",0,1,0
18761,"2023-07-24 13:11:05",0,1,0
16703,"2023-07-24 13:12:47",0,0,0
10571,"2023-07-24 13:18:40",0,0,0
112091,"2023-07-24 13:23:40",0,0,0
10563,"2023-07-24 13:28:34",0,0,0
10563,"2023-07-24 13:28:40",0,0,0
35769,"2023-07-24 13:32:06",0,0,0
9124,"2023-07-24 13:51:21",0,0,0
12804,"2023-07-24 14:37:08",0,1,0
12249,"2023-07-24 14:40:18",0,0,0
12672,"2023-07-24 14:46:43",0,0,0
11024,"2023-07-24 15:09:40",0,0,0
100347,"2023-07-24 15:27:09",0,2,0
12379,"2023-07-24 15:59:09",0,2,0
11745,"2023-07-24 16:00:52",0,1,0
11745,"2023-07-24 16:00:54",0,1,0
8944,"2023-07-24 16:01:20",0,1,0
8944,"2023-07-24 16:01:22",0,1,0
12362,"2023-07-24 16:01:51",0,0,0
110166,"2023-07-24 16:03:07",0,0,0
9139,"2023-07-24 16:03:26",0,1,0
8936,"2023-07-24 16:09:53",0,1,0
8936,"2023-07-24 16:09:55",0,1,0
11098,"2023-07-24 16:09:58",0,1,0
11098,"2023-07-24 16:10:00",0,1,0
9549,"2023-07-24 16:25:21",0,0,0
9549,"2023-07-24 16:25:24",0,0,0
10566,"2023-07-24 16:36:22",0,0,0
11181,"2023-07-24 17:11:02",0,0,0
112073,"2023-07-24 20:12:33",0,2,0
10002,"2023-07-24 20:19:54",0,1,0
12936,"2023-07-24 20:26:26",0,0,0
71822,"2023-07-24 20:31:28",0,0,0
10571,"2023-07-24 21:30:37",0,0,0
9124,"2023-07-24 21:39:30",0,0,0
112091,"2023-07-24 21:47:59",0,0,0
112090,"2023-07-24 22:03:22",0,0,0
686,"2023-07-25 06:17:23",0,0,0
686,"2023-07-25 06:17:25",0,0,0
12804,"2023-07-25 06:40:13",0,0,0
2731,"2023-07-25 06:46:12",0,0,0
100347,"2023-07-25 06:46:31",0,0,0
112099,"2023-07-25 06:48:11",0,0,0
11181,"2023-07-25 06:57:48",0,0,0
8944,"2023-07-25 07:05:14",0,0,0
8944,"2023-07-25 07:05:17",0,0,0
12536,"2023-07-25 07:13:09",0,0,0
12362,"2023-07-25 07:15:31",0,0,0
8936,"2023-07-25 07:17:35",0,0,0
8936,"2023-07-25 07:17:38",0,0,0
11745,"2023-07-25 07:24:08",0,0,0
11745,"2023-07-25 07:24:10",0,0,0
110166,"2023-07-25 07:24:49",0,0,0
11098,"2023-07-25 07:25:25",0,0,0
11098,"2023-07-25 07:25:27",0,0,0
11098,"2023-07-25 07:25:34",0,0,0
1982,"2023-07-25 07:36:19",0,0,0
12379,"2023-07-25 07:36:43",0,0,0
12936,"2023-07-25 07:54:48",0,0,0
9370,"2023-07-25 08:13:48",0,0,0
9136,"2023-07-25 08:16:16",0,0,0
71822,"2023-07-25 08:19:32",0,0,0
12249,"2023-07-25 08:35:01",0,0,0
112073,"2023-07-25 08:46:27",0,2,0
112073,"2023-07-25 08:46:30",0,2,0
19295,"2023-07-25 08:51:17",0,0,0
12536,"2023-07-25 08:53:18",0,0,0
71805,"2023-07-25 09:03:28",0,1,0
10563,"2023-07-25 09:07:44",0,0,0
10563,"2023-07-25 09:07:50",0,0,0
18761,"2023-07-25 09:16:53",0,0,0
12672,"2023-07-25 09:27:49",0,0,0
6628,"2023-07-25 10:46:45",0,0,0
10571,"2023-07-25 13:05:03",0,0,0
9124,"2023-07-25 13:32:45",0,0,0
12672,"2023-07-25 14:27:59",0,0,0
12804,"2023-07-25 14:36:27",0,1,0
2731,"2023-07-25 14:43:12",0,0,0
19295,"2023-07-25 14:45:21",0,1,0
18761,"2023-07-25 14:45:24",0,1,0
6628,"2023-07-25 14:48:41",0,0,0
686,"2023-07-25 15:16:07",0,0,0
12379,"2023-07-25 15:18:58",0,2,0
100347,"2023-07-25 15:37:32",0,2,0
12362,"2023-07-25 16:00:10",0,0,0
11745,"2023-07-25 16:00:48",0,1,0
11745,"2023-07-25 16:00:51",0,1,0
10566,"2023-07-25 16:02:39",0,0,0
11181,"2023-07-25 16:02:45",0,0,0
110166,"2023-07-25 16:02:52",0,0,0
8944,"2023-07-25 16:05:31",0,1,0
8944,"2023-07-25 16:05:34",0,1,0
8936,"2023-07-25 16:07:42",0,1,0
8936,"2023-07-25 16:07:44",0,1,0
11098,"2023-07-25 16:08:49",0,1,0
11098,"2023-07-25 16:08:52",0,1,0
11098,"2023-07-25 16:08:54",0,1,0
9549,"2023-07-25 16:53:29",0,0,0
9549,"2023-07-25 16:53:31",0,0,0
10566,"2023-07-25 17:21:57",0,0,0
11672,"2023-07-25 17:44:17",0,0,0
71258,"2023-07-25 19:29:12",0,0,0
71258,"2023-07-25 19:29:14",0,0,0
10002,"2023-07-25 19:34:49",0,1,0
112091,"2023-07-25 20:22:29",0,0,0
71822,"2023-07-25 20:43:59",0,0,0
9124,"2023-07-25 21:33:28",0,0,0
10571,"2023-07-25 21:44:22",0,0,0
12804,"2023-07-25 22:29:53",0,0,0
16694,"2023-07-25 22:33:07",0,0,0
12804,"2023-07-25 23:29:06",0,1,0
12804,"2023-07-26 02:47:51",0,0,0
12804,"2023-07-26 03:18:34",0,0,0
12804,"2023-07-26 03:18:37",0,0,0
686,"2023-07-26 06:18:01",0,0,0
686,"2023-07-26 06:18:03",0,0,0
112073,"2023-07-26 06:39:41",0,0,0
112073,"2023-07-26 06:39:43",0,0,0
12804,"2023-07-26 06:41:35",0,0,0
2731,"2023-07-26 06:49:36",0,0,0
11181,"2023-07-26 07:02:09",0,0,0
9136,"2023-07-26 07:06:27",0,0,0
8944,"2023-07-26 07:09:06",0,0,0
8936,"2023-07-26 07:09:11",0,0,0
8936,"2023-07-26 07:09:13",0,0,0
12379,"2023-07-26 07:10:44",0,0,0
11022,"2023-07-26 07:18:06",0,0,0
11022,"2023-07-26 07:18:09",0,0,0
12362,"2023-07-26 07:19:13",0,0,0
11745,"2023-07-26 07:21:16",0,0,0
11745,"2023-07-26 07:21:18",0,0,0
110166,"2023-07-26 07:26:36",0,0,0
11098,"2023-07-26 07:26:43",0,0,0
11098,"2023-07-26 07:26:45",0,0,0
9549,"2023-07-26 07:41:51",0,0,0
112091,"2023-07-26 07:52:12",0,0,0
9370,"2023-07-26 07:55:17",0,0,0
5707,"2023-07-26 08:02:29",0,0,0
19295,"2023-07-26 08:18:31",0,0,0
12426,"2023-07-26 08:18:54",0,0,0
6628,"2023-07-26 08:31:14",0,0,0
12672,"2023-07-26 08:55:32",0,0,0
11672,"2023-07-26 09:07:08",0,0,0
18761,"2023-07-26 09:10:39",0,0,0
11615,"2023-07-26 09:12:14",0,0,0
9132,"2023-07-26 09:20:56",0,0,0
10563,"2023-07-26 09:24:51",0,0,0
10563,"2023-07-26 09:24:58",0,0,0
71822,"2023-07-26 09:33:17",0,0,0
112090,"2023-07-26 12:35:14",0,0,0
9122,"2023-07-26 12:41:16",0,2,0
19295,"2023-07-26 12:53:51",0,1,0
18761,"2023-07-26 12:53:53",0,1,0
47059,"2023-07-26 12:57:04",0,0,0
10571,"2023-07-26 13:16:00",0,0,0
100347,"2023-07-26 13:31:58",0,0,0
9131,"2023-07-26 13:32:08",0,0,0
12804,"2023-07-26 14:34:13",0,1,0
6628,"2023-07-26 14:35:12",0,0,0
12672,"2023-07-26 14:38:13",0,0,0
12372,"2023-07-26 14:42:02",0,0,0
12372,"2023-07-26 14:42:04",0,0,0
2731,"2023-07-26 14:43:16",0,0,0
112073,"2023-07-26 15:08:56",0,2,0
12379,"2023-07-26 15:20:06",0,2,0
11745,"2023-07-26 16:01:01",0,1,0
11745,"2023-07-26 16:01:04",0,1,0
11181,"2023-07-26 16:01:41",0,0,0
110166,"2023-07-26 16:03:41",0,0,0
8944,"2023-07-26 16:04:05",0,1,0
8944,"2023-07-26 16:04:07",0,1,0
8936,"2023-07-26 16:08:22",0,1,0
8936,"2023-07-26 16:08:25",0,1,0
10566,"2023-07-26 16:18:59",0,0,0
10557,"2023-07-26 16:19:12",0,0,0
11098,"2023-07-26 16:25:13",0,1,0
11098,"2023-07-26 16:25:15",0,1,0
11098,"2023-07-26 16:25:17",0,1,0
9549,"2023-07-26 16:26:31",0,0,0
9549,"2023-07-26 16:26:33",0,0,0
10002,"2023-07-26 18:13:11",0,1,0
10571,"2023-07-26 21:16:34",0,0,0
100347,"2023-07-26 22:18:27",0,2,0
112090,"2023-07-26 22:56:14",0,0,0
686,"2023-07-27 06:18:57",0,0,0
686,"2023-07-27 06:18:59",0,0,0
71805,"2023-07-27 06:41:35",0,0,0
12804,"2023-07-27 06:42:18",0,0,0
112073,"2023-07-27 06:45:08",0,2,0
9143,"2023-07-27 06:48:55",0,0,0
11352,"2023-07-27 06:56:01",0,0,0
64292,"2023-07-27 06:56:59",0,0,0
16694,"2023-07-27 06:57:16",0,0,0
11181,"2023-07-27 07:02:15",0,0,0
11022,"2023-07-27 07:03:42",0,0,0
8944,"2023-07-27 07:06:13",0,0,0
8944,"2023-07-27 07:06:15",0,0,0
9136,"2023-07-27 07:16:29",0,0,0
12362,"2023-07-27 07:16:42",0,0,0
110166,"2023-07-27 07:19:42",0,0,0
11745,"2023-07-27 07:20:27",0,0,0
11745,"2023-07-27 07:20:29",0,0,0
11098,"2023-07-27 07:22:40",0,0,0
11098,"2023-07-27 07:22:43",0,0,0
8936,"2023-07-27 07:23:42",0,0,0
8936,"2023-07-27 07:23:44",0,0,0
12379,"2023-07-27 07:23:55",0,0,0
11955,"2023-07-27 07:25:34",0,0,0
9549,"2023-07-27 07:37:30",0,0,0
9549,"2023-07-27 07:37:32",0,0,0
11048,"2023-07-27 07:37:55",0,0,0
12536,"2023-07-27 07:43:46",0,0,0
9370,"2023-07-27 08:17:31",0,0,0
10563,"2023-07-27 08:19:16",0,0,0
10563,"2023-07-27 08:19:23",0,0,0
10563,"2023-07-27 08:19:25",0,0,0
19295,"2023-07-27 08:41:12",0,0,0
12249,"2023-07-27 08:47:47",0,0,0
18761,"2023-07-27 09:06:04",0,0,0
11615,"2023-07-27 09:10:05",0,0,0
12672,"2023-07-27 09:17:18",0,0,0
6628,"2023-07-27 10:47:51",0,0,0
12249,"2023-07-27 12:26:27",0,0,0
112090,"2023-07-27 12:39:18",0,0,0
71106,"2023-07-27 12:57:41",0,0,0
10571,"2023-07-27 13:21:15",0,0,0
18761,"2023-07-27 13:29:24",0,1,0
19295,"2023-07-27 13:41:19",0,1,0
12604,"2023-07-27 13:44:52",0,0,0
2731,"2023-07-27 13:50:44",0,0,0
6628,"2023-07-27 13:55:46",0,0,0
12672,"2023-07-27 14:27:40",0,0,0
12804,"2023-07-27 14:35:50",0,1,0
686,"2023-07-27 15:17:28",0,0,0
686,"2023-07-27 15:17:33",0,0,0
71805,"2023-07-27 15:32:53",0,1,0
12379,"2023-07-27 15:34:04",0,2,0
12536,"2023-07-27 15:43:51",0,0,0
112073,"2023-07-27 15:47:47",0,2,0
11745,"2023-07-27 16:01:04",0,1,0
11745,"2023-07-27 16:01:06",0,1,0
9128,"2023-07-27 16:01:43",0,0,0
8944,"2023-07-27 16:02:03",0,1,0
11615,"2023-07-27 16:02:46",0,0,0
11181,"2023-07-27 16:06:12",0,0,0
11098,"2023-07-27 16:10:24",0,1,0
11098,"2023-07-27 16:10:27",0,1,0
11098,"2023-07-27 16:10:29",0,1,0
9139,"2023-07-27 16:14:58",0,1,0
9549,"2023-07-27 16:24:28",0,0,0
9549,"2023-07-27 16:24:31",0,0,0
8936,"2023-07-27 16:24:50",0,1,0
8936,"2023-07-27 16:24:58",0,1,0
110166,"2023-07-27 16:25:27",0,0,0
10002,"2023-07-27 19:27:06",0,1,0
112091,"2023-07-27 20:19:38",0,0,0
100347,"2023-07-27 20:37:28",0,0,0
9124,"2023-07-27 21:34:23",0,0,0
10571,"2023-07-27 21:38:04",0,0,0
2731,"2023-07-27 21:39:08",0,0,0
112090,"2023-07-27 22:15:49",0,0,0
12804,"2023-07-27 22:42:15",0,0,0
12804,"2023-07-27 23:15:29",0,1,0
686,"2023-07-28 06:19:37",0,0,0
686,"2023-07-28 06:19:39",0,0,0
12804,"2023-07-28 06:47:56",0,0,0
9124,"2023-07-28 06:56:54",0,0,0
11181,"2023-07-28 06:58:54",0,0,0
12936,"2023-07-28 07:03:14",0,0,0
8944,"2023-07-28 07:08:22",0,0,0
8944,"2023-07-28 07:08:25",0,0,0
12362,"2023-07-28 07:19:43",0,0,0
11745,"2023-07-28 07:20:48",0,0,0
11745,"2023-07-28 07:20:50",0,0,0
8936,"2023-07-28 07:20:56",0,0,0
8936,"2023-07-28 07:20:58",0,0,0
105046,"2023-07-28 07:22:47",0,0,0
110166,"2023-07-28 07:23:34",0,0,0
11098,"2023-07-28 07:27:41",0,0,0
11098,"2023-07-28 07:27:44",0,0,0
11098,"2023-07-28 07:27:46",0,0,0
9549,"2023-07-28 07:35:54",0,0,0
9549,"2023-07-28 07:36:05",0,0,0
9549,"2023-07-28 07:36:07",0,0,0
12639,"2023-07-28 07:38:39",0,0,0
12380,"2023-07-28 07:40:05",0,0,0
12536,"2023-07-28 07:42:39",0,0,0
9370,"2023-07-28 08:01:45",0,0,0
3869,"2023-07-28 08:04:58",0,0,0
9136,"2023-07-28 08:18:31",0,0,0
100347,"2023-07-28 08:33:48",0,2,0
10563,"2023-07-28 08:38:40",0,0,0
10563,"2023-07-28 08:38:47",0,0,0
19295,"2023-07-28 08:44:52",0,0,0
12672,"2023-07-28 09:01:32",0,0,0
18761,"2023-07-28 09:08:12",0,0,0
11615,"2023-07-28 09:21:43",0,0,0
6628,"2023-07-28 10:49:33",0,0,0
112090,"2023-07-28 12:31:49",0,0,0
12379,"2023-07-28 12:54:35",0,0,0
12379,"2023-07-28 12:54:37",0,0,0
10571,"2023-07-28 13:02:52",0,0,0
71805,"2023-07-28 13:44:20",0,0,0
2731,"2023-07-28 13:47:06",0,0,0
19295,"2023-07-28 13:47:41",0,1,0
18761,"2023-07-28 13:47:44",0,1,0
64292,"2023-07-28 13:53:59",0,0,0
12804,"2023-07-28 14:09:02",0,1,0
12804,"2023-07-28 14:09:04",0,1,0
6628,"2023-07-28 14:50:59",0,0,0
12672,"2023-07-28 14:54:02",0,0,0
11634,"2023-07-28 15:17:08",0,0,0
12936,"2023-07-28 15:23:25",0,0,0
11615,"2023-07-28 16:11:59",0,0,0
11745,"2023-07-28 16:30:53",0,1,0
11745,"2023-07-28 16:30:56",0,1,0
12362,"2023-07-28 16:32:59",0,0,0
8944,"2023-07-28 16:33:11",0,1,0
8944,"2023-07-28 16:33:14",0,1,0
11181,"2023-07-28 16:33:18",0,1,0
17036,"2023-07-28 16:36:38",0,0,0
17036,"2023-07-28 16:36:47",0,0,0
8936,"2023-07-28 16:37:27",0,1,0
8936,"2023-07-28 16:37:30",0,1,0
11098,"2023-07-28 16:38:23",0,1,0
11098,"2023-07-28 16:38:26",0,1,0
11098,"2023-07-28 16:38:28",0,1,0
9549,"2023-07-28 16:40:36",0,0,0
9549,"2023-07-28 16:40:38",0,0,0
110166,"2023-07-28 16:43:51",0,0,0
11630,"2023-07-28 16:46:23",0,0,0
11630,"2023-07-28 16:46:25",0,0,0
12639,"2023-07-28 16:55:57",0,0,0
11022,"2023-07-28 16:56:43",0,0,0
12536,"2023-07-28 16:58:30",0,0,0
11672,"2023-07-28 18:26:25",0,0,0
12379,"2023-07-28 20:08:58",0,2,0
10571,"2023-07-28 21:35:24",0,0,0
10571,"2023-07-28 21:35:26",0,0,0
2731,"2023-07-28 21:38:45",0,0,0
112090,"2023-07-28 21:55:07",0,0,0
71805,"2023-07-28 22:26:31",0,1,0
112073,"2023-07-29 06:40:55",0,0,0
112073,"2023-07-29 06:40:57",0,0,0
71822,"2023-07-29 06:43:45",0,0,0
12804,"2023-07-29 06:48:09",0,0,0
16724,"2023-07-29 06:56:49",0,0,0
12379,"2023-07-29 08:25:52",0,0,0
10563,"2023-07-29 08:27:36",0,0,0
10563,"2023-07-29 08:27:43",0,0,0
10563,"2023-07-29 08:27:45",0,0,0
9136,"2023-07-29 09:06:48",0,0,0
12536,"2023-07-29 10:01:36",0,0,0
12536,"2023-07-29 12:10:08",0,0,0
10571,"2023-07-29 13:16:21",0,0,0
71258,"2023-07-29 13:29:45",0,0,0
2731,"2023-07-29 13:46:58",0,0,0
116198,"2023-07-29 13:58:32",0,0,0
116198,"2023-07-29 13:58:38",0,0,0
16694,"2023-07-29 13:59:09",0,0,0
12804,"2023-07-29 14:02:09",0,1,0
112073,"2023-07-29 15:04:04",0,2,0
71822,"2023-07-29 15:43:25",0,0,0
112090,"2023-07-29 19:43:13",0,0,0
71805,"2023-07-29 19:53:58",0,0,0
9124,"2023-07-29 20:20:34",0,0,0
10571,"2023-07-29 20:40:18",0,0,0
2731,"2023-07-29 21:42:37",0,0,0
100329,"2023-07-29 22:04:45",0,0,0
100329,"2023-07-29 22:04:47",0,0,0
12804,"2023-07-30 00:17:45",0,0,0
12804,"2023-07-30 00:17:47",0,0,0
12804,"2023-07-30 01:22:01",0,1,0
12804,"2023-07-30 05:24:10",0,0,0
12804,"2023-07-30 06:30:24",0,0,0
12804,"2023-07-30 06:30:26",0,0,0
112091,"2023-07-30 06:35:29",0,0,0
100347,"2023-07-30 06:47:12",0,0,0
12604,"2023-07-30 06:50:18",0,0,0
112090,"2023-07-30 07:41:41",0,0,0
9124,"2023-07-30 08:17:01",0,0,0
71805,"2023-07-30 08:47:52",0,1,0
9132,"2023-07-30 09:43:01",0,0,0
12426,"2023-07-30 10:01:15",0,0,0
71258,"2023-07-30 13:12:12",0,0,0
71822,"2023-07-30 13:41:28",0,0,0
12604,"2023-07-30 14:32:23",0,0,0
100347,"2023-07-30 15:19:27",0,2,0
12936,"2023-07-30 20:29:08",0,0,0
112073,"2023-07-30 20:40:08",0,0,0
112073,"2023-07-30 20:40:10",0,0,0
71822,"2023-07-30 21:58:37",0,0,0
71822,"2023-07-30 21:58:39",0,0,0
112090,"2023-07-31 05:56:11",0,0,0
686,"2023-07-31 06:21:29",0,0,0
686,"2023-07-31 06:21:33",0,0,0
12804,"2023-07-31 06:41:36",0,0,0
47059,"2023-07-31 06:45:53",0,0,0
100347,"2023-07-31 06:53:57",0,0,0
116160,"2023-07-31 06:59:11",0,0,0
11181,"2023-07-31 07:00:46",0,0,0
12536,"2023-07-31 07:13:54",0,0,0
8936,"2023-07-31 07:15:51",0,0,0
8936,"2023-07-31 07:15:54",0,0,0
8944,"2023-07-31 07:16:01",0,0,0
8944,"2023-07-31 07:16:03",0,0,0
3164,"2023-07-31 07:18:01",0,0,0
110166,"2023-07-31 07:19:11",0,0,0
11098,"2023-07-31 07:19:15",0,0,0
11098,"2023-07-31 07:19:18",0,0,0
11098,"2023-07-31 07:19:24",0,0,0
12362,"2023-07-31 07:20:17",0,0,0
8777,"2023-07-31 07:23:42",0,0,0
12379,"2023-07-31 07:26:46",0,0,0
9136,"2023-07-31 07:38:48",0,0,0
9549,"2023-07-31 07:40:29",0,0,0
9549,"2023-07-31 07:40:31",0,0,0
112073,"2023-07-31 08:09:20",0,2,0
9370,"2023-07-31 08:10:57",0,0,0
10563,"2023-07-31 08:22:38",0,0,0
10563,"2023-07-31 08:22:44",0,0,0
19295,"2023-07-31 08:43:38",0,0,0
11672,"2023-07-31 08:44:26",0,0,0
11672,"2023-07-31 08:44:28",0,0,0
12249,"2023-07-31 08:44:32",0,0,0
6628,"2023-07-31 08:46:00",0,0,0
12672,"2023-07-31 08:54:10",0,0,0
12536,"2023-07-31 09:07:05",0,0,0
11615,"2023-07-31 10:03:57",0,0,0
12249,"2023-07-31 12:55:49",0,0,0
10571,"2023-07-31 13:11:15",0,0,0
6628,"2023-07-31 13:15:50",0,0,0
11672,"2023-07-31 13:26:33",0,0,0
9127,"2023-07-31 13:35:02",0,0,0
9124,"2023-07-31 13:48:14",0,0,0
11949,"2023-07-31 13:50:03",0,0,0
11949,"2023-07-31 13:50:05",0,0,0
19295,"2023-07-31 14:13:29",0,1,0
12804,"2023-07-31 14:39:16",0,1,0
112090,"2023-07-31 14:57:38",0,0,0
686,"2023-07-31 15:00:07",0,0,0
686,"2023-07-31 15:00:09",0,0,0
12672,"2023-07-31 15:09:38",0,0,0
11356,"2023-07-31 15:15:34",0,0,0
100347,"2023-07-31 15:22:26",0,2,0
12379,"2023-07-31 15:56:14",0,2,0
110166,"2023-07-31 16:03:48",0,0,0
11181,"2023-07-31 16:05:17",0,0,0
12362,"2023-07-31 16:05:56",0,0,0
10557,"2023-07-31 16:14:34",0,0,0
8936,"2023-07-31 16:16:15",0,1,0
8936,"2023-07-31 16:16:17",0,1,0
11098,"2023-07-31 16:16:24",0,1,0
11098,"2023-07-31 16:16:27",0,1,0
11098,"2023-07-31 16:16:29",0,1,0
8944,"2023-07-31 16:18:52",0,1,0
11615,"2023-07-31 16:24:19",0,0,0
9549,"2023-07-31 16:30:55",0,0,0
9549,"2023-07-31 16:30:57",0,0,0
9139,"2023-07-31 16:34:30",0,1,0
3164,"2023-07-31 17:33:19",0,0,0
3164,"2023-07-31 17:33:35",0,1,0
3164,"2023-07-31 17:33:37",0,1,0
10002,"2023-07-31 19:52:45",0,1,0
12936,"2023-07-31 20:30:47",0,0,0
2731,"2023-07-31 20:47:45",0,0,0
9124,"2023-07-31 21:39:37",0,0,0
10571,"2023-07-31 21:42:14",0,0,0
686,"2023-08-01 06:21:50",0,0,0
686,"2023-08-01 06:21:52",0,0,0
71805,"2023-08-01 06:40:48",0,0,0
12804,"2023-08-01 06:42:37",0,0,0
112073,"2023-08-01 06:47:27",0,0,0
12933,"2023-08-01 06:55:00",0,0,0
12933,"2023-08-01 06:55:07",0,0,0
11181,"2023-08-01 07:07:51",0,0,0
8777,"2023-08-01 07:11:20",0,0,0
8936,"2023-08-01 07:11:25",0,0,0
8936,"2023-08-01 07:11:28",0,0,0
8944,"2023-08-01 07:14:23",0,0,0
8944,"2023-08-01 07:14:25",0,0,0
12536,"2023-08-01 07:15:34",0,0,0
9136,"2023-08-01 07:16:21",0,0,0
11043,"2023-08-01 07:21:33",0,0,0
11098,"2023-08-01 07:22:42",0,0,0
11098,"2023-08-01 07:22:44",0,0,0
11098,"2023-08-01 07:22:46",0,0,0
12362,"2023-08-01 07:23:42",0,0,0
110166,"2023-08-01 07:26:02",0,0,0
13236,"2023-08-01 07:31:25",0,0,0
11048,"2023-08-01 07:31:33",0,0,0
9549,"2023-08-01 07:33:45",0,0,0
9549,"2023-08-01 07:33:47",0,0,0
2731,"2023-08-01 07:41:10",0,0,0
12936,"2023-08-01 08:01:50",0,0,0
12379,"2023-08-01 08:19:04",0,0,0
12379,"2023-08-01 08:19:06",0,0,0
19295,"2023-08-01 08:42:31",0,0,0
11615,"2023-08-01 09:04:32",0,0,0
18761,"2023-08-01 09:07:19",0,0,0
12536,"2023-08-01 09:19:33",0,0,0
12249,"2023-08-01 09:23:08",0,0,0
10563,"2023-08-01 09:26:56",0,0,0
10563,"2023-08-01 09:27:02",0,0,0
10563,"2023-08-01 09:27:05",0,0,0
12672,"2023-08-01 10:03:06",0,0,0
6628,"2023-08-01 10:58:22",0,0,0
12426,"2023-08-01 12:32:01",0,0,0
12249,"2023-08-01 12:46:48",0,0,0
47059,"2023-08-01 12:54:51",0,0,0
19295,"2023-08-01 13:15:01",0,1,0
18761,"2023-08-01 13:15:04",0,1,0
10571,"2023-08-01 13:21:12",0,0,0
10571,"2023-08-01 13:21:15",0,0,0
9124,"2023-08-01 13:38:09",0,0,0
71822,"2023-08-01 13:43:46",0,0,0
12672,"2023-08-01 14:33:14",0,0,0
6628,"2023-08-01 14:35:17",0,0,0
12804,"2023-08-01 14:44:49",0,1,0
112073,"2023-08-01 14:48:46",0,2,0
6628,"2023-08-01 14:50:11",0,0,0
12674,"2023-08-01 14:52:30",0,0,0
12379,"2023-08-01 15:35:10",0,2,0
9139,"2023-08-01 15:51:12",0,1,0
12362,"2023-08-01 16:00:02",0,0,0
110166,"2023-08-01 16:00:08",0,0,0
71805,"2023-08-01 16:04:17",0,1,0
8936,"2023-08-01 16:08:58",0,0,0
8936,"2023-08-01 16:09:00",0,0,0
11181,"2023-08-01 16:09:33",0,0,0
11098,"2023-08-01 16:16:07",0,1,0
11098,"2023-08-01 16:16:10",0,1,0
11098,"2023-08-01 16:16:12",0,1,0
10566,"2023-08-01 16:18:06",0,0,0
9549,"2023-08-01 16:23:13",0,0,0
9549,"2023-08-01 16:23:15",0,0,0
8944,"2023-08-01 16:31:14",0,1,0
3164,"2023-08-01 17:08:33",0,1,0
11672,"2023-08-01 19:15:24",0,0,0
112090,"2023-08-01 19:49:29",0,0,0
11672,"2023-08-01 20:18:33",0,0,0
12399,"2023-08-01 20:23:00",0,0,0
2731,"2023-08-01 20:45:07",0,0,0
16689,"2023-08-01 20:55:11",0,0,0
9124,"2023-08-01 21:31:24",0,0,0
10571,"2023-08-01 21:32:35",0,0,0
71822,"2023-08-01 22:02:44",0,0,0
